True_Regime,Pattern,F_T,F_S,F_I,True_P,Est_P,rand_p1,rand_p2,length,slope,curve,amp1,amp2,noise_std,phi,break_point,drift
R1,Composite,0.9997636203474101,0.999423376740489,0.967859285528939,24,24,24.0,48.0,500,-0.14058701904959195,-2.9966226529129335e-05,20.111273228010607,4.995222751973639,0.52786614717542,,,
R2,Seasonal,0.7051082942438419,0.8655518326660319,,24,24,24.0,48.0,500,0.0,0.0,15.76109505952015,11.57295836546422,1.0342400479505267,,,
R3,Stationary_AR,0.046392732074752696,0.8816503868375051,,None,250,,,500,0.0,0.0,0.0,0.0,5.0,0.631660463094271,,
R4,Trending_ExponentialGrowth,0.9983956285546695,0.4164624682699266,0.39586224470649,None,24,,,500,,,0.0,0.0,1.1695423568777885,,,
R1,Composite,0.9992674517163764,0.997505371238863,0.7443185823070411,36,36,36.0,72.0,500,0.18322230268798856,-3.349080582631773e-05,18.259177660308893,2.5322022628420013,0.8832514314312205,,,
R2,Seasonal,0.7166160409884583,0.9582160892136566,,36,36,36.0,72.0,500,0.0,0.0,26.991697587245465,10.662694087054238,0.7932619191646503,,,
R3,Stationary_AR,0.03152256177159907,0.6049331671202913,,None,167,,,500,0.0,0.0,0.0,0.0,5.0,0.5994367698525547,,
R4,Trending_RandomWalkDrift,0.6084391957370555,0.20496344947090372,0.0,None,167,,,500,,,0.0,0.0,0.7320037731021378,,,0.3073648207933468
R1,Composite,0.998943460304299,0.9941317954243054,0.8667507242873684,24,24,24.0,48.0,500,-0.22614785512427196,3.105424005607581e-05,17.93368708601882,6.3235936132224335,1.444670246934713,,,
R2,Seasonal,0.6973699096598169,0.9621278215082929,,24,24,24.0,48.0,500,0.0,0.0,26.211184389996937,9.461424887527537,1.1016561225414345,,,
R3,Stationary_AR,0.18837613756486815,0.2866304805698475,,None,18,,,500,0.0,0.0,0.0,0.0,5.0,0.5000244476255011,,
R4,Trending_ExponentialGrowth,0.9991355180035568,0.42661732624473925,0.3160898147723814,None,24,,,500,,,0.0,0.0,0.9383098998797595,,,
R1,Composite,0.9988448156364756,0.9971368499349063,0.8238837411447058,48,50,48.0,96.0,500,-0.17459120729921757,-2.4416326724505772e-05,24.749948763850764,3.1543958811007604,1.0615940233848051,,,
R2,Seasonal,0.5018167046057933,0.9751756547953182,,48,50,48.0,96.0,500,0.0,0.0,23.4475353408388,4.787596323633386,1.2030266775915646,,,
R3,Stationary_WN,0.13348039123499755,0.08002152130654994,,None,3,,,500,0.0,0.0,0.0,0.0,9.026970669463319,,,
R4,Trending_RandomWalkDrift,0.9995736400418582,0.9159499641819384,0.8904077496712026,None,100,,,500,,,0.0,0.0,1.086594045294961,,,0.4436647610046246
R1,Composite,0.9998045219188917,0.9911519142412067,0.9468220279708472,48,50,48.0,96.0,500,0.3527582315818205,-4.379128312301328e-05,10.37171350302106,7.154140435578173,1.0121538386431663,,,
R2,Seasonal,0.007917498817723745,0.9727522611371048,,48,100,48.0,96.0,500,0.0,0.0,15.080518321671008,11.26888260889166,1.5434575669691815,,,
R3,Stationary_WN,0.18284618205122916,0.185680960927607,,None,4,,,500,0.0,0.0,0.0,0.0,6.636123109873289,,,
R4,Trending_RandomWalkDrift,0.9916333132135505,0.0,,None,24,,,500,,,0.0,0.0,1.3119730749732965,,,-0.4060731474492729
R1,Composite,0.9994921362812177,0.9984882938381214,0.8233281412992873,12,12,12.0,24.0,500,-0.1867536581387832,-1.850252195197326e-05,23.239508649364264,3.5530736019362976,0.9348060998469688,,,
R2,Seasonal,0.7540797819129874,0.964475037639086,,12,12,12.0,24.0,500,0.0,0.0,28.12596954170767,10.800749714907504,0.5901980335454826,,,
R3,Stationary_WN,0.15566596913059216,0.1717392346982336,,None,3,,,500,0.0,0.0,0.0,0.0,8.624023366180667,,,
R4,Trending_ExponentialGrowth,0.9901266839138685,0.3653493332340615,0.3358726946304019,None,24,,,500,,,0.0,0.0,0.7738867806093157,,,
R1,Composite,0.9988790404785874,0.9856800304682487,0.617821472619052,36,36,36.0,72.0,500,-0.21844100322534454,1.1525613781750908e-05,12.00505397193997,2.6256881775702796,1.3698285349589039,,,
R2,Seasonal,0.6860377938152482,0.8648685090118579,,36,36,36.0,72.0,500,0.0,0.0,10.442362487424582,7.498593457591753,1.4057093879480456,,,
R3,Stationary_WN,0.19813436208378243,0.1614019442778437,,None,3,,,500,0.0,0.0,0.0,0.0,7.126157093602213,,,
R4,Trending_MeanShift,0.999780689635077,0.9991040725819635,0.0,None,250,,,500,,,0.0,0.0,1.4661506077005546,,250.0,
R1,Composite,0.9997867481409103,0.9993720344232885,0.9266133037206724,24,24,24.0,48.0,500,-0.14685379687123812,-4.50339503085788e-05,19.94822249540685,3.3115514777415624,0.5924639739897873,,,
R2,Seasonal,0.6972559845712683,0.8424043620855488,,24,24,24.0,48.0,500,0.0,0.0,13.434904053775483,10.747683337917936,1.3515798024419603,,,
R3,Stationary_WN,0.11072430440908776,0.07191840052664245,,None,3,,,500,0.0,0.0,0.0,0.0,11.173377190760617,,,
R4,Trending_RandomWalkDrift,0.9882224426486036,0.6932105279227507,0.0,None,250,,,500,,,0.0,0.0,1.0478797582892416,,,0.277278903536082
R1,Composite,0.9996252843063009,0.9856609298880602,0.630858671172555,24,24,24.0,48.0,500,-0.2741813500332969,-3.0104400308951184e-05,9.245969151431098,2.0635837378998323,1.1247854141664737,,,
R2,Seasonal,0.6970065491804398,0.9510098310398312,,24,24,24.0,48.0,500,0.0,0.0,22.28833902952963,9.386892428548105,1.1171209346485358,,,
R3,Stationary_AR,0.15047383501630285,0.27293305192058515,,None,21,,,500,0.0,0.0,0.0,0.0,5.0,0.6457473072916422,,
R4,Trending_MeanShift,0.9997183178404903,0.9988549888253583,0.0,None,250,,,500,,,0.0,0.0,1.4316800205930695,,250.0,
R1,Composite,0.9996593778190248,0.9992881742967251,0.8935207683815223,12,12,12.0,24.0,500,0.17840572546434327,-2.243242829391855e-05,23.5500640011872,3.5442617487493995,0.7081473370520274,,,
R2,Seasonal,0.6341997097424954,0.9768623069594137,,12,12,12.0,24.0,500,0.0,0.0,19.674112919082535,4.470806822894053,1.682532210517596,,,
R3,Stationary_WN,0.1084015240183972,0.1332340813153431,,None,3,,,500,0.0,0.0,0.0,0.0,8.021597020682073,,,
R4,Trending_MeanShift,0.9996993348729082,0.9988383604758799,0.0,None,250,,,500,,,0.0,0.0,0.7290537695738581,,250.0,
R1,Composite,0.9998773351140163,0.9937043877942584,0.9504091954626759,36,36,36.0,72.0,500,0.3934229636775598,-1.8708368509231666e-05,10.910617405001021,6.988953963479625,0.9780644294549606,,,
R2,Seasonal,0.7017136077117639,0.9878228725715741,,36,36,36.0,72.0,500,0.0,0.0,22.113795335006138,4.44003457387264,0.6722315220684689,,,
R3,Stationary_AR,0.04297662856921325,0.2839846951234294,,None,26,,,500,0.0,0.0,0.0,0.0,5.0,0.43365204624328085,,
R4,Trending_ExponentialGrowth,0.9917359359452107,0.3109754665603184,0.2616746827810984,None,24,,,500,,,0.0,0.0,0.8713011058823182,,,
R1,Composite,0.9994829299193768,0.9971582444762486,0.8863878110148253,36,36,36.0,72.0,500,-0.20482532270729295,2.0584659814183144e-05,17.005737462563886,4.734355615845856,0.9793384832640413,,,
R2,Seasonal,0.7149815250271839,0.937806976561025,,36,36,36.0,72.0,500,0.0,0.0,16.27402212094797,7.866014256643522,0.6968933796597125,,,
R3,Stationary_WN,0.21971973837791592,0.17326387901514007,,None,4,,,500,0.0,0.0,0.0,0.0,13.766737614742773,,,
R4,Trending_RandomWalkDrift,0.9633996356119044,0.7510272326959566,0.0,None,250,,,500,,,0.0,0.0,0.710208731620097,,,0.2112082537464106
R1,Composite,0.9988825586934239,0.9952302227071381,0.9009563155318434,24,24,24.0,48.0,500,-0.17404569267996423,-2.732623228882384e-05,18.360353686692495,6.830431895539755,1.341791874755652,,,
R2,Seasonal,0.6934805550051223,0.9611616020058353,,24,24,24.0,48.0,500,0.0,0.0,27.89179674548502,10.041641153366783,1.4210079105610958,,,
R3,Stationary_WN,0.20941531927021328,0.11270169732419644,,None,2,,,500,0.0,0.0,0.0,0.0,9.158393104116065,,,
R4,Trending_MeanShift,0.9999653559520703,0.9998614776096233,0.19384887815342222,None,250,,,500,,,0.0,0.0,0.6733268969939685,,250.0,
R1,Composite,0.9978083897606492,0.9827229151383473,0.8926086706188658,12,12,12.0,24.0,500,-0.1289565924486116,-3.716575150324359e-05,10.721150589736263,7.992887115741018,1.4560769458486136,,,
R2,Seasonal,0.7409321856885368,0.988047367526257,,12,12,12.0,24.0,500,0.0,0.0,27.67833135467211,5.855368056366965,0.697266480641594,,,
R3,Stationary_WN,0.193080505228724,0.11328373011591952,,None,2,,,500,0.0,0.0,0.0,0.0,13.00266200638816,,,
R4,Trending_ExponentialGrowth,0.9998582161059272,0.4508558752546239,0.44290839992403275,None,24,,,500,,,0.0,0.0,0.5532219412111622,,,
R1,Composite,0.9994938136619886,0.9969111748707107,0.7822000569502734,36,36,36.0,72.0,500,0.2388388222512471,-1.3942120022994893e-05,19.077227614611495,3.1504617581884564,1.1038874611911265,,,
R2,Seasonal,0.6725112464683656,0.929049128292084,,36,36,36.0,72.0,500,0.0,0.0,16.09279539860924,7.836857340995576,1.3364349070311783,,,
R3,Stationary_WN,0.14581116909795067,0.18402382697212438,,None,3,,,500,0.0,0.0,0.0,0.0,11.130910952412107,,,
R4,Trending_ExponentialGrowth,0.9967310511570164,0.3819562164733883,0.2798592423374128,None,24,,,500,,,0.0,0.0,0.7990197410071233,,,
R1,Composite,0.999503592114941,0.9956758203493768,0.8956430986939438,48,50,48.0,96.0,500,-0.2668447235204129,-2.026459961869383e-05,19.647453190108727,5.474439401362687,1.256634320636846,,,
R2,Seasonal,0.597240424258727,0.9545846335002941,,48,50,48.0,96.0,500,0.0,0.0,19.919964620965633,6.655485891566695,1.2344726582960484,,,
R3,Stationary_AR,0.093187897972971,0.2128445698514384,,None,22,,,500,0.0,0.0,0.0,0.0,5.0,0.47241260271096086,,
R4,Trending_RandomWalkDrift,0.998751644124455,0.6061170630266604,0.9167399662613701,None,24,,,500,,,0.0,0.0,1.1485001300087543,,,-0.19431840378738913
R1,Composite,0.9998590858530976,0.9974191934837732,0.9252030742045793,12,12,12.0,24.0,500,0.31170804025143184,2.7684583148557093e-05,15.347091979669703,5.430930831872529,0.7614551851106286,,,
R2,Seasonal,0.7237744283961369,0.9704239203847534,,12,12,12.0,24.0,500,0.0,0.0,29.937607772171432,9.48813137612959,1.9235190815760252,,,
R3,Stationary_AR,0.09752392631918683,0.25216164360880333,,None,50,,,500,0.0,0.0,0.0,0.0,5.0,0.6809672460848419,,
R4,Trending_RandomWalkDrift,0.9304435879777679,0.4223508289224336,0.0,None,167,,,500,,,0.0,0.0,1.4128419366040117,,,-0.3653798531442002
R1,Composite,0.9995446138673092,0.9859106191872798,0.9172669149011954,36,36,36.0,72.0,500,-0.23456824891230102,1.952394998013971e-05,8.019535554703525,5.955197179378363,1.0970985770819852,,,
R2,Seasonal,0.583183790293198,0.9259281698056875,,36,36,36.0,72.0,500,0.0,0.0,11.826162862082823,5.044517455466543,1.446059531737415,,,
R3,Stationary_WN,0.11441614371587527,0.0912001024977176,,None,3,,,500,0.0,0.0,0.0,0.0,10.852937467950872,,,
R4,Trending_RandomWalkDrift,0.9998124827030362,0.7972379104125044,0.9312510297792603,None,24,,,500,,,0.0,0.0,0.7211513869017933,,,-0.3077746731364899
R1,Composite,0.9996382897344623,0.9935499281095667,0.7080234123221083,24,24,24.0,48.0,500,0.3265991868251201,2.132916403957241e-05,16.115010554323064,2.9712758594144573,1.3742949202588806,,,
R2,Seasonal,0.7025755917665601,0.9195498190316089,,24,24,24.0,48.0,500,0.0,0.0,20.067010857559566,11.153838896333905,1.0543899643140187,,,
R3,Stationary_WN,0.13772365231802197,0.2580291609502996,,None,5,,,500,0.0,0.0,0.0,0.0,13.93848685794776,,,
R4,Trending_MeanShift,0.9996920732089616,0.9987874116693243,0.04868361596602544,None,250,,,500,,,0.0,0.0,1.4036694258842985,,250.0,
R1,Composite,0.9999366766546424,0.9991756037177374,0.9700686896007894,12,12,12.0,24.0,500,0.34611148591968194,2.28031368591602e-05,20.139373642528835,6.67495471798394,0.5347336816473721,,,
R2,Seasonal,0.7296683308451523,0.9166857987359829,,12,12,12.0,24.0,500,0.0,0.0,17.84456328636697,10.003781196528678,1.613539722081564,,,
R3,Stationary_WN,0.11972337821882562,0.14130988005985856,,None,3,,,500,0.0,0.0,0.0,0.0,8.332615023776498,,,
R4,Trending_RandomWalkDrift,0.9994462184183232,0.8943202015704218,0.9626164859525224,None,100,,,500,,,0.0,0.0,1.2489591116425771,,,0.38245399618896003
R1,Composite,0.9988506635401361,0.9982573653190187,0.8872212441877237,24,24,24.0,48.0,500,-0.13055515127606393,3.4443103160462454e-05,18.733364630887095,3.993690895280103,0.8717526202752042,,,
R2,Seasonal,0.7126894766642682,0.888427245321316,,24,24,24.0,48.0,500,0.0,0.0,17.496218209867536,11.750031432460611,0.5100012880000677,,,
R3,Stationary_AR,0.061480850174735924,0.9388966565675568,,None,250,,,500,0.0,0.0,0.0,0.0,5.0,0.5227279882361752,,
R4,Trending_RandomWalkDrift,0.0,0.01094722690816985,0.0,None,250,,,500,,,0.0,0.0,1.3384362233050418,,,-0.3658537609034441
R1,Composite,0.9995569861623367,0.9950202428773132,0.9055996622206447,48,50,48.0,96.0,500,0.31051691307223317,-3.4091807356789566e-05,18.5521602843126,6.3789503156680265,1.342236277211415,,,
R2,Seasonal,0.6219906897995653,0.9236598685559538,,48,50,48.0,96.0,500,0.0,0.0,13.361208722251554,6.204651765757199,1.1681803682517689,,,
R3,Stationary_WN,0.21824612670333654,0.09161518472151386,,None,3,,,500,0.0,0.0,0.0,0.0,12.528372759618804,,,
R4,Trending_ExponentialGrowth,0.9952316279558566,0.3230859170254219,0.34327421881644005,None,24,,,500,,,0.0,0.0,1.2623605872785357,,,
R1,Composite,0.9997207965708066,0.996644919225471,0.906271879854649,36,36,36.0,72.0,500,-0.2548407009173508,2.1138894617990758e-05,14.401051782257504,4.659105590510125,0.9441440970219589,,,
R2,Seasonal,0.7135970404758053,0.9869899220295492,,36,36,36.0,72.0,500,0.0,0.0,28.945723417238447,6.316266582868391,0.6105198027712455,,,
R3,Stationary_AR,0.08586685541226069,0.2616952465058936,,None,38,,,500,0.0,0.0,0.0,0.0,5.0,0.4604177061843484,,
R4,Trending_MeanShift,0.9969404652640138,0.9891157609278293,0.0,None,250,,,500,,,0.0,0.0,0.5259206680263668,,250.0,
R1,Composite,0.9997765941503418,0.9960248162647125,0.9366782600336118,48,50,48.0,96.0,500,0.2947686537536407,3.8241594951442274e-05,15.66245836101003,6.266213236870042,1.0293102505542797,,,
R2,Seasonal,0.6122924511652257,0.9801598560158353,,48,50,48.0,96.0,500,0.0,0.0,25.15521324769339,5.603440331162888,0.5743564622146555,,,
R3,Stationary_WN,0.2020372054209203,0.27450928513030615,,None,4,,,500,0.0,0.0,0.0,0.0,8.74673668266728,,,
R4,Trending_RandomWalkDrift,0.9992773865312162,0.6193320758464562,0.8673678367085423,None,24,,,500,,,0.0,0.0,1.4363709320628884,,,-0.31485569779690303
R1,Composite,0.9998286223396988,0.9937822209170571,0.9301993308680299,48,50,48.0,96.0,500,0.21794217076591252,3.691167754975631e-05,8.321778632854505,3.833995569246854,0.721757658812771,,,
R2,Seasonal,0.5568290674455021,0.9762650470275516,,48,50,48.0,96.0,500,0.0,0.0,19.76565063413496,4.417894001829989,0.7461187148369557,,,
R3,Stationary_WN,0.1422369262479315,0.15961310741051404,,None,4,,,500,0.0,0.0,0.0,0.0,5.077036554201034,,,
R4,Trending_RandomWalkDrift,0.9989294017819139,0.7373213024687316,0.9116126346375101,None,24,,,500,,,0.0,0.0,1.0940602991778237,,,0.25909688123078556
R1,Composite,0.9991025054884611,0.9817273924203965,0.6068826637462503,36,36,36.0,72.0,500,-0.24536189861379976,-1.5639563948529643e-05,11.471197568335175,2.2152690588656228,1.4763113167066644,,,
R2,Seasonal,0.7120622881438247,0.9147777338105008,,36,36,36.0,72.0,500,0.0,0.0,20.269754416690713,11.605565790482103,1.2200124324163222,,,
R3,Stationary_AR,0.2995881454249194,0.24648383508330796,,None,9,,,500,0.0,0.0,0.0,0.0,5.0,0.46263993737402914,,
R4,Trending_MeanShift,0.9996676790401022,0.9986331616731169,0.0,None,250,,,500,,,0.0,0.0,1.1176818302048521,,250.0,
R1,Composite,0.9998605830847059,0.9982515683705389,0.9107374024070867,36,36,36.0,72.0,500,0.335738143792232,-3.9370556114496776e-05,18.08368017226519,4.557040915937463,0.8457173163502297,,,
R2,Seasonal,0.652888432580603,0.9722318024601153,,36,36,36.0,72.0,500,0.0,0.0,25.117229353319924,6.921627516443232,1.4731855352719516,,,
R3,Stationary_WN,0.018117426647516366,0.26541925488221185,,None,45,,,500,0.0,0.0,0.0,0.0,10.746149841044417,,,
R4,Trending_RandomWalkDrift,0.9997026984667775,0.6658756096488434,0.848232678105514,None,24,,,500,,,0.0,0.0,1.3834132957047034,,,-0.41563254187993426
R1,Composite,0.9998554221510678,0.9934477646955417,0.9648198586987333,48,50,48.0,96.0,500,0.33501758141402677,-3.603569241361333e-05,9.929849584256946,7.245639034712846,0.9821299962690228,,,
R2,Seasonal,0.6711371479213766,0.8516553811682244,,48,50,48.0,96.0,500,0.0,0.0,12.939719838078831,9.427252452146124,1.1565949121994743,,,
R3,Stationary_AR,0.15808351707800927,0.2127839008706569,,None,10,,,500,0.0,0.0,0.0,0.0,5.0,0.4028140617958727,,
R4,Trending_MeanShift,0.9999614942566097,0.9998454305785879,0.09624578838036224,None,250,,,500,,,0.0,0.0,1.3617194786995017,,250.0,
R1,Composite,0.9998024857317818,0.999002657103909,0.9583402450394067,36,36,36.0,72.0,500,0.2418683784892146,-2.9722341028292348e-05,20.58159370927075,5.8824200554598,0.7013726818468613,,,
R2,Seasonal,0.6970065733258792,0.8548138623506306,,36,36,36.0,72.0,500,0.0,0.0,15.309442411533853,11.460695547167738,1.7112140073591826,,,
R3,Stationary_WN,0.18006779342704193,0.2675023132412614,,None,4,,,500,0.0,0.0,0.0,0.0,12.20120405807855,,,
R4,Trending_RandomWalkDrift,0.9994374298224533,0.9901719573520389,0.9788253410394372,None,125,,,500,,,0.0,0.0,0.7395043217904136,,,0.1149837043911902
R1,Composite,0.9988160742543588,0.9946718947758908,0.9191878161300344,12,12,12.0,24.0,500,-0.17136121331862475,2.1996534828525618e-05,15.64576123203132,7.657537714055108,1.1828493914626943,,,
R2,Seasonal,0.7202385981399348,0.961832941339957,,12,12,12.0,24.0,500,0.0,0.0,21.61873304752624,7.927361740144282,1.3212939164917707,,,
R3,Stationary_WN,0.1619557960342286,0.06645517896145303,,None,2,,,500,0.0,0.0,0.0,0.0,5.61636786982265,,,
R4,Trending_RandomWalkDrift,0.39911028076388333,0.8499099138245386,,None,250,,,500,,,0.0,0.0,1.1470504119217368,,,-0.11872524372987665
R1,Composite,0.9997576986022354,0.9990717799773553,0.9392036312623347,24,24,24.0,48.0,500,0.21261248998167362,3.7164849160150594e-05,23.98764076616203,5.260505903279736,0.7640119403323257,,,
R2,Seasonal,0.6983284516013195,0.9600722335070503,,24,24,24.0,48.0,500,0.0,0.0,23.081408558236472,8.631729988781318,1.1041544946345856,,,
R3,Stationary_WN,0.2451280230947266,0.1839975907404272,,None,3,,,500,0.0,0.0,0.0,0.0,9.566213122688174,,,
R4,Trending_RandomWalkDrift,0.9945906104198015,0.9549003673650749,0.8290190524303859,None,250,,,500,,,0.0,0.0,0.5852635609342428,,,-0.1350119016633217
R1,Composite,0.9958077628141419,0.9951971690149145,0.5435288079729701,12,12,12.0,24.0,500,-0.10959064062492216,-1.2324303046433311e-05,22.329862285393617,2.0702275421743073,1.4744129855056511,,,
R2,Seasonal,0.7190847037546497,0.9677156732263061,,12,12,12.0,24.0,500,0.0,0.0,17.60879946285761,5.820667833383441,1.0788536915024298,,,
R3,Stationary_WN,0.13406404575726838,0.1042830759925839,,None,3,,,500,0.0,0.0,0.0,0.0,14.020864937359896,,,
R4,Trending_RandomWalkDrift,0.9609208801188701,0.9048857150136852,0.3355094882716134,None,250,,,500,,,0.0,0.0,1.0363223406808255,,,0.2462988156805011
R1,Composite,0.9997948683929366,0.9928439318389113,0.9266111899338473,24,24,24.0,48.0,500,0.29482527626008104,3.80346072096107e-05,10.593979422892604,5.823549721838136,1.030256448656325,,,
R2,Seasonal,0.5101512434946736,0.9782685974218734,,24,24,24.0,48.0,500,0.0,0.0,23.480628179776378,4.448281461437874,1.9616208660083483,,,
R3,Stationary_WN,0.01566230983946848,0.3085650125620891,,None,38,,,500,0.0,0.0,0.0,0.0,5.090940243935491,,,
R4,Trending_ExponentialGrowth,0.9994711608788419,0.36747944221176465,0.3643411823214503,None,24,,,500,,,0.0,0.0,1.2326005976213952,,,
R1,Composite,0.9997909143690856,0.9967409469135727,0.9674562375426394,24,24,24.0,48.0,500,-0.2264792312807687,-4.5882012527419015e-05,12.520771069495488,7.406611885249662,0.8575264286240801,,,
R2,Seasonal,0.7028868583499172,0.9559747015670711,,24,24,24.0,48.0,500,0.0,0.0,15.974052280561946,6.363855394474614,0.6077550278036695,,,
R3,Stationary_WN,0.07649094373950027,0.16364125595743462,,None,6,,,500,0.0,0.0,0.0,0.0,11.745960419605089,,,
R4,Trending_RandomWalkDrift,0.999824421765076,0.7203251501090708,0.92188722009465,None,24,,,500,,,0.0,0.0,0.8371430370759294,,,-0.42523918451829557
R1,Composite,0.9995944925523363,0.9933230447620327,0.8202759998508498,36,36,36.0,72.0,500,0.3141366626000086,4.376838659197025e-05,16.772738197673604,5.206515476351887,1.355670745260209,,,
R2,Seasonal,0.6838000018362766,0.9633208733150816,,36,36,36.0,72.0,500,0.0,0.0,29.79935953555583,10.210501921398773,1.8298322113285,,,
R3,Stationary_AR,0.07740758653936441,0.3577536408022878,,None,45,,,500,0.0,0.0,0.0,0.0,5.0,0.524318043461048,,
R4,Trending_RandomWalkDrift,0.9971217055819263,0.8847794438834411,0.4488558279727799,None,167,,,500,,,0.0,0.0,1.2243524945630502,,,-0.4688231093120614
R1,Composite,0.9997228575878373,0.9975898143515431,0.9191964221108886,24,24,24.0,48.0,500,0.3161819492471123,1.4354366568978337e-05,22.103228300793464,6.709192798612683,1.0690708495448784,,,
R2,Seasonal,0.6749509540482044,0.9374294339730115,,24,24,24.0,48.0,500,0.0,0.0,16.404047814140498,7.234239838359964,1.3910520469795424,,,
R3,Stationary_AR,0.027629941434732075,0.26522906489482334,,None,71,,,500,0.0,0.0,0.0,0.0,5.0,0.562177534408987,,
R4,Trending_RandomWalkDrift,0.9995757576858642,0.6883034667072245,0.9020175771700718,None,24,,,500,,,0.0,0.0,1.1303403915680525,,,0.2998265273107088
R1,Composite,0.9997416244585723,0.9953913147732389,0.8982856894816933,24,24,24.0,48.0,500,-0.27888660269993115,-4.1896248617872105e-05,14.165781865489215,5.316998036088883,1.0136866330874055,,,
R2,Seasonal,0.6546443760359668,0.9026586018702905,,24,24,24.0,48.0,500,0.0,0.0,14.433056405542963,7.828975991090186,1.8704946103103348,,,
R3,Stationary_AR,0.05148544957409096,0.25600663623011644,,None,62,,,500,0.0,0.0,0.0,0.0,5.0,0.5769061131346118,,
R4,Trending_ExponentialGrowth,0.9997025416347971,0.44741791518381724,0.3362840855332586,None,24,,,500,,,0.0,0.0,0.8820604731380632,,,
R1,Composite,0.9998999251177977,0.9987670041143787,0.7808948979802832,24,24,24.0,48.0,500,0.39491011519050556,-3.3828001665575076e-05,21.976209726497068,2.5474657358854187,0.8075627872082747,,,
R2,Seasonal,0.7043378064495269,0.7715844841188315,,24,24,24.0,48.0,500,0.0,0.0,10.773816338175369,10.802520084041902,1.0660320232963814,,,
R3,Stationary_AR,0.21631569759999547,0.1822587578642002,,None,7,,,500,0.0,0.0,0.0,0.0,5.0,0.4288419242323385,,
R4,Trending_RandomWalkDrift,0.9993849514159889,0.6364098834754035,0.8917245621402412,None,24,,,500,,,0.0,0.0,1.1652915544878324,,,0.3593769373765193
R1,Composite,0.999910479316051,0.9964109410951403,0.9152676881554721,48,50,48.0,96.0,500,0.3898957981413185,2.7605204051870057e-05,13.629660020746737,4.033519889341539,0.8723529098792636,,,
R2,Seasonal,0.5087730362908731,0.9834593165012968,,48,50,48.0,96.0,500,0.0,0.0,28.61285528173372,4.966229146022186,0.6917121438034532,,,
R3,Stationary_WN,0.12160842390085369,0.17894435977211498,,None,6,,,500,0.0,0.0,0.0,0.0,12.26263938848852,,,
R4,Trending_MeanShift,0.9974633040490025,0.9893967640659751,0.0,None,250,,,500,,,0.0,0.0,1.0881131390534495,,250.0,
R1,Composite,0.9981918725759138,0.9905340166810009,0.9274285182383727,36,36,36.0,72.0,500,-0.127035074121441,1.7028193462183092e-05,10.643486009321649,7.1883365327779165,1.1091855571653493,,,
R2,Seasonal,0.6431517124052047,0.9887405440618626,,36,36,36.0,72.0,500,0.0,0.0,27.988761914971064,4.799871467365542,1.1625614673501188,,,
R3,Stationary_WN,0.02255404489878543,0.2087937862363477,,None,15,,,500,0.0,0.0,0.0,0.0,8.084883527306829,,,
R4,Trending_RandomWalkDrift,0.9171824214675495,0.0,0.0,None,250,,,500,,,0.0,0.0,1.4851933998409501,,,-0.388067182019066
R1,Composite,0.9996943212485389,0.9895327039163334,0.9194276738097679,36,36,36.0,72.0,500,0.23028236153953274,3.510206048389721e-05,8.457288522154995,5.414662215705957,0.8905949590612597,,,
R2,Seasonal,0.7126689948904998,0.8608397534218878,,36,36,36.0,72.0,500,0.0,0.0,13.814743216399876,10.521558819675201,0.9051319797925403,,,
R3,Stationary_AR,0.10249963030071507,0.32633963239450203,,None,50,,,500,0.0,0.0,0.0,0.0,5.0,0.5649391290165944,,
R4,Trending_RandomWalkDrift,0.9997068893512373,0.7923315262137264,0.8453410292799226,None,24,,,500,,,0.0,0.0,0.6689546738738861,,,0.46492196345394576
R1,Composite,0.9998390088585337,0.9957093858893331,0.7963083517009246,48,100,48.0,96.0,500,-0.299991015320297,-2.8078431097462447e-05,9.423496039568818,7.993564655220029,0.8419633097411321,,,
R2,Seasonal,0.5614436257722157,0.8605457114597982,,48,50,48.0,96.0,500,0.0,0.0,12.538091530789405,7.322911301588695,1.7811587126806523,,,
R3,Stationary_WN,0.0681224494648216,0.2684747009500147,,None,14,,,500,0.0,0.0,0.0,0.0,14.585626285665445,,,
R4,Trending_ExponentialGrowth,0.9947558769208074,0.33337004595233244,0.29322693370200403,None,24,,,500,,,0.0,0.0,1.0861246221569183,,,
R1,Composite,0.9991288149171412,0.9952943491565073,0.6247356062956861,24,24,24.0,48.0,500,-0.21544085524355217,2.9116459126385514e-05,17.479590673489614,2.061886704913812,1.272807463812413,,,
R2,Seasonal,0.7058997467992986,0.935520357964147,,24,24,24.0,48.0,500,0.0,0.0,17.749033944216873,8.696451219176254,0.6530504222885509,,,
R3,Stationary_AR,0.2017242323773294,0.2789482837905577,,None,26,,,500,0.0,0.0,0.0,0.0,5.0,0.6829167859724203,,
R4,Trending_RandomWalkDrift,0.9107645835956614,0.0,0.0,None,250,,,500,,,0.0,0.0,0.900543038533661,,,0.3438614669202814
R1,Composite,0.9976996099054457,0.9945135788595997,0.8776872694969367,48,50,48.0,96.0,500,-0.18247806269690536,4.727929661900951e-05,22.110880264898668,3.8209599386492146,1.1159637001857021,,,
R2,Seasonal,0.5508322493148641,0.9055493946431834,,48,50,48.0,96.0,500,0.0,0.0,13.100406290680127,5.826825979334964,1.7498794308620667,,,
R3,Stationary_WN,0.18536510665783879,0.05767368346605517,,None,2,,,500,0.0,0.0,0.0,0.0,7.059620173126492,,,
R4,Trending_MeanShift,0.9996465926454674,0.9986143653738276,0.0,None,250,,,500,,,0.0,0.0,1.09225280895963,,250.0,
R1,Composite,0.9975735610640566,0.98960768998028,0.70031238467601,12,12,12.0,24.0,500,-0.12847675348173468,-3.34667787358884e-05,13.974123087035949,2.860306167411502,1.4961918316961862,,,
R2,Seasonal,0.7052864181717349,0.9627408784004633,,12,12,12.0,24.0,500,0.0,0.0,17.445947476512536,6.051616295791611,1.3082555713849628,,,
R3,Stationary_WN,0.04180708601615246,0.2687358449529824,,None,62,,,500,0.0,0.0,0.0,0.0,6.0116833528811675,,,
R4,Trending_RandomWalkDrift,0.989439552317092,0.7227255440917678,0.20928208207932875,None,167,,,500,,,0.0,0.0,0.5794170814452478,,,0.18877800511679751
R1,Composite,0.9995917223569017,0.9931473869313968,0.9266371730522989,48,50,48.0,96.0,500,0.31961075266712435,-1.9297463140549527e-05,16.057463511468583,7.921482183523776,1.38022768386548,,,
R2,Seasonal,0.6129780462295897,0.975728488034642,,48,50,48.0,96.0,500,0.0,0.0,18.350340790539835,4.47261279832156,0.5824887990640024,,,
R3,Stationary_WN,0.19481454369780382,0.3038517891666145,,None,5,,,500,0.0,0.0,0.0,0.0,14.169333753104034,,,
R4,Trending_ExponentialGrowth,0.9812730210745583,0.32917632579793943,0.36211519132738823,None,24,,,500,,,0.0,0.0,1.3406970381556065,,,
R1,Composite,0.9998750470921263,0.9986809699269567,0.9717468344325233,24,24,24.0,48.0,500,0.2935796815799378,-1.0832884015744983e-05,17.87474082871873,7.191703840889987,0.7057781600017641,,,
R2,Seasonal,0.6927423063975338,0.9687001999434889,,24,24,24.0,48.0,500,0.0,0.0,22.427874507837437,7.199945883029759,1.0608921204160848,,,
R3,Stationary_WN,0.13061433876818263,0.06345795165418999,,None,3,,,500,0.0,0.0,0.0,0.0,13.731560755330205,,,
R4,Trending_MeanShift,0.9994964306461703,0.9979517544691772,0.0,None,250,,,500,,,0.0,0.0,1.0842145889543358,,250.0,
R1,Composite,0.9994710379570761,0.9988768123573438,0.9445960049109513,12,12,12.0,24.0,500,0.1472285934599435,-2.608807724208572e-05,18.651499915928422,5.123309582148977,0.6346299642888554,,,
R2,Seasonal,0.6995903182508298,0.983135661813872,,12,12,12.0,24.0,500,0.0,0.0,23.0707071563398,5.160087817567181,1.4214151102870614,,,
R3,Stationary_WN,0.10049403840160254,0.17792271270175763,,None,9,,,500,0.0,0.0,0.0,0.0,8.52377693146725,,,
R4,Trending_MeanShift,0.9995240518155947,0.9981612910230064,0.0,None,250,,,500,,,0.0,0.0,1.134349768091917,,250.0,
R1,Composite,0.999269303719787,0.9959162209296119,0.9279005974868428,12,12,12.0,24.0,500,-0.18266458603113972,-2.1851907800831568e-05,16.734031383886474,7.617266204875913,1.1405356375702451,,,
R2,Seasonal,0.7124975155971194,0.976330152901171,,12,12,12.0,24.0,500,0.0,0.0,15.7274977687554,4.460872090959426,0.9052876871692552,,,
R3,Stationary_WN,0.18696041967573573,0.13804845728189385,,None,3,,,500,0.0,0.0,0.0,0.0,5.641778940632629,,,
R4,Trending_MeanShift,0.999933299304615,0.9997339318524202,0.25242887202350284,None,250,,,500,,,0.0,0.0,0.6142305173459587,,250.0,
R1,Composite,0.9995419725936644,0.998299728727625,0.8569906341879467,24,24,24.0,48.0,500,-0.2237794375968094,4.368590370460139e-05,21.171796559445774,3.8204112235116194,0.9925293754182346,,,
R2,Seasonal,0.6331423329308052,0.914130554472174,,24,24,24.0,48.0,500,0.0,0.0,11.199697613697836,5.588283140491699,1.5781061168896198,,,
R3,Stationary_WN,0.17127534746427808,0.09391948741164136,,None,2,,,500,0.0,0.0,0.0,0.0,13.230638185719817,,,
R4,Trending_ExponentialGrowth,0.9823430825216766,0.4493283612516151,0.3556944372660735,None,24,,,500,,,0.0,0.0,1.136420127699623,,,
R1,Composite,0.9994742694340892,0.968388556588106,0.7234730341570019,48,50,48.0,96.0,500,-0.30201255992144493,-2.586644816251167e-05,8.65017600750164,2.501045704453663,1.3130652168682637,,,
R2,Seasonal,0.682863329210541,0.863477042949981,,48,50,48.0,96.0,500,0.0,0.0,16.99152649722236,11.888207787045019,0.8714534347057226,,,
R3,Stationary_AR,0.0907717565293209,0.28725812909436466,,None,45,,,500,0.0,0.0,0.0,0.0,5.0,0.6097650400239418,,
R4,Trending_MeanShift,0.9996336371934376,0.998482354121298,0.0,None,250,,,500,,,0.0,0.0,0.7011374540614326,,250.0,
R1,Composite,0.9991765110808293,0.9964642279980985,0.758893561269428,36,36,36.0,72.0,500,-0.23861014052687296,1.4844756668487005e-05,22.936552145631985,3.9752595136975524,1.2616513999081636,,,
R2,Seasonal,0.7047893269908418,0.8513030329014953,,36,36,36.0,72.0,500,0.0,0.0,11.580790901266525,8.930624487510208,1.0986858588555235,,,
R3,Stationary_AR,0.2542645217110161,0.27823461555792184,,None,28,,,500,0.0,0.0,0.0,0.0,5.0,0.6474509184736678,,
R4,Trending_RandomWalkDrift,0.9997254445497663,0.8213588972172501,0.9039925038969686,None,24,,,500,,,0.0,0.0,1.2145147687635887,,,0.2855556395102794
R1,Composite,0.9997485355918316,0.9983534298183857,0.9416571598720275,48,50,48.0,96.0,500,0.2502934012713523,3.493159976507089e-05,22.31974429237301,5.452124702108966,0.9519987855224546,,,
R2,Seasonal,0.5245486218452857,0.9724323650168891,,48,50,48.0,96.0,500,0.0,0.0,20.69519203719291,4.687826027078087,1.2058984141293696,,,
R3,Stationary_WN,0.05218940645000947,0.19197825526763035,,None,10,,,500,0.0,0.0,0.0,0.0,7.193566462368027,,,
R4,Trending_MeanShift,0.9933940678947487,0.9784822888311632,0.0,None,250,,,500,,,0.0,0.0,1.380419684187416,,250.0,
R1,Composite,0.9990466257950956,0.9944357720014986,0.94679184361986,48,50,48.0,96.0,500,-0.11737196096378111,3.1662143548094035e-05,8.678303286290092,4.48215656068526,0.7111565287918732,,,
R2,Seasonal,0.637169638050723,0.8682726742542959,,48,50,48.0,96.0,500,0.0,0.0,11.127200896563892,7.1803265902041815,1.25128901837642,,,
R3,Stationary_WN,0.1845845402280366,0.07630730123700957,,None,2,,,500,0.0,0.0,0.0,0.0,13.528632805375517,,,
R4,Trending_MeanShift,0.9987533384598385,0.995076781194859,0.0,None,250,,,500,,,0.0,0.0,1.4641127925195927,,250.0,
R1,Composite,0.999844203398006,0.9987982381507537,0.7906488097748743,12,12,12.0,24.0,500,0.3525828264900073,-4.145069461181807e-05,24.316009839725577,3.0591179205160834,0.8616120138777043,,,
R2,Seasonal,0.7533187110445531,0.9576661851983869,,12,12,12.0,24.0,500,0.0,0.0,24.786273311422555,10.453643182036096,0.6794374748753704,,,
R3,Stationary_WN,0.1542501672313611,0.1252793233508912,,None,3,,,500,0.0,0.0,0.0,0.0,11.592992764379135,,,
R4,Trending_RandomWalkDrift,0.9997424347796848,0.742877352583547,0.8993147276760258,None,24,,,500,,,0.0,0.0,0.8643014072833825,,,-0.45685697015281546
R1,Composite,0.9996717316094521,0.9984884740883798,0.9420635399724068,12,12,12.0,24.0,500,0.12574965139626187,4.423203498763006e-05,13.967993081266972,4.331177391334798,0.5357104347152074,,,
R2,Seasonal,0.6449374026951609,0.9782855563283336,,12,12,12.0,24.0,500,0.0,0.0,24.0956861071331,5.4482522206913915,1.771139689681562,,,
R3,Stationary_WN,0.10512438344106945,0.11835491922436026,,None,4,,,500,0.0,0.0,0.0,0.0,8.604205882816622,,,
R4,Trending_ExponentialGrowth,0.9996590714485176,0.4340873015872947,0.4012671621226853,None,24,,,500,,,0.0,0.0,0.5806912365504425,,,
R1,Composite,0.9992806445930926,0.9954319720463193,0.8911432984010162,12,12,12.0,24.0,500,-0.13098873277191472,-4.819334715003938e-05,12.611913818165792,4.734471037167188,0.9057033283062141,,,
R2,Seasonal,0.7298639447132376,0.9204060279567406,,12,12,12.0,24.0,500,0.0,0.0,19.488324044731243,10.899222259244905,1.5679844979305884,,,
R3,Stationary_WN,0.19680098036890437,0.18722259696487464,,None,3,,,500,0.0,0.0,0.0,0.0,9.206310439305856,,,
R4,Trending_ExponentialGrowth,0.992004670978658,0.3292043342992834,0.2446476270914063,None,24,,,500,,,0.0,0.0,1.2714082701124259,,,
R1,Composite,0.9995022102448234,0.9971141135602776,0.7941788498707795,12,12,12.0,24.0,500,-0.26209780376396374,2.3142056002805335e-05,21.22237945516405,4.060446804886492,1.2066618806597893,,,
R2,Seasonal,0.7270538564772373,0.9317524334666406,,12,12,12.0,24.0,500,0.0,0.0,22.709069097009095,11.485174022077196,1.91691184246642,,,
R3,Stationary_WN,0.20721824975588155,0.15016270419117417,,None,3,,,500,0.0,0.0,0.0,0.0,8.177399708189306,,,
R4,Trending_ExponentialGrowth,0.9994151797237262,0.39488641135943414,0.43539404739986376,None,24,,,500,,,0.0,0.0,0.6783937921045444,,,
R1,Composite,0.9993078308867278,0.9983810313751309,0.7781048314845196,36,36,36.0,72.0,500,0.17384616790481214,-2.0530958844582354e-05,21.656215343806007,2.6989709529924433,0.9229658182269479,,,
R2,Seasonal,0.7165399439401579,0.792877537348025,,36,36,36.0,72.0,500,0.0,0.0,10.558840572412542,10.257307353132596,0.9907085781489349,,,
R3,Stationary_WN,0.13656852461341396,0.14662827811708223,,None,5,,,500,0.0,0.0,0.0,0.0,13.516483042959994,,,
R4,Trending_RandomWalkDrift,0.9632897093043226,0.7285865667401326,0.0,None,250,,,500,,,0.0,0.0,0.6596032481949701,,,0.2570923993979837
R1,Composite,0.9993831966549862,0.9902850549645867,0.9272611171286325,24,24,24.0,48.0,500,0.18745993279201104,4.1380866727063025e-05,10.357472869425532,6.885012716782103,1.0984922005970437,,,
R2,Seasonal,0.6949844669829834,0.96405114109893,,24,24,24.0,48.0,500,0.0,0.0,23.45526261214924,8.131019779834077,1.1206922131462227,,,
R3,Stationary_WN,0.03465537115609674,0.1546623706824246,,None,9,,,500,0.0,0.0,0.0,0.0,10.414839020224225,,,
R4,Trending_MeanShift,0.9990629377533959,0.9958883954378537,0.0,None,250,,,500,,,0.0,0.0,1.2256825512715688,,250.0,
R1,Composite,0.9998088599378723,0.9938077093181737,0.9296124821274486,12,12,12.0,24.0,500,-0.3126024730731387,-4.5723499805120647e-05,11.915334861065451,6.7698906035803335,1.034277784423212,,,
R2,Seasonal,0.7518365303999961,0.9110185620758967,,12,12,12.0,24.0,500,0.0,0.0,16.44819022177883,10.226728577559708,0.7554352981650043,,,
R3,Stationary_WN,0.18565346518696502,0.2587308584075061,,None,4,,,500,0.0,0.0,0.0,0.0,6.921746212307244,,,
R4,Trending_MeanShift,0.9999438905473145,0.9997763941348284,0.0,None,250,,,500,,,0.0,0.0,1.0853617796260138,,250.0,
R1,Composite,0.9999082115185886,0.9986719040310931,0.9698907105262354,24,24,24.0,48.0,500,0.35638972595007856,4.621854764612617e-05,20.04840803582615,7.878060474681403,0.8162130865101972,,,
R2,Seasonal,0.7053394232486516,0.8160659903797581,,24,24,24.0,48.0,500,0.0,0.0,11.323927950296754,10.19958406283314,0.8246398925643372,,,
R3,Stationary_WN,0.24245159068323185,0.14571264728554123,,None,2,,,500,0.0,0.0,0.0,0.0,14.54126939590603,,,
R4,Trending_ExponentialGrowth,0.9995222713297083,0.41122500507616777,0.4238351312839824,None,24,,,500,,,0.0,0.0,1.1003648411218219,,,
R1,Composite,0.9998711305989042,0.9951774983852711,0.9422947242895192,48,50,48.0,96.0,500,-0.38576432386310244,-4.838970655562488e-05,14.013444243150087,6.438061395530587,1.136160052951642,,,
R2,Seasonal,0.5866199682128257,0.9559277760612505,,48,50,48.0,96.0,500,0.0,0.0,20.22390807769682,6.337990402608218,1.512656487169618,,,
R3,Stationary_AR,0.03598867885646495,0.2582016479967386,,None,71,,,500,0.0,0.0,0.0,0.0,5.0,0.5562167787696755,,
R4,Trending_MeanShift,0.9999589357990916,0.9998360688920592,0.10485319357024503,None,250,,,500,,,0.0,0.0,1.448691084721391,,250.0,
R1,Composite,0.9998277835998056,0.9915256628375565,0.7128259677752415,24,24,24.0,48.0,500,0.36041400441344673,3.479606322396671e-05,10.871544424771404,2.409647167804681,1.1325924053877388,,,
R2,Seasonal,0.7096120242521831,0.8728612029427826,,24,24,24.0,48.0,500,0.0,0.0,15.333522512301464,11.14721617789047,0.5999088957206271,,,
R3,Stationary_AR,0.06920444422665306,0.3795162618869642,,None,42,,,500,0.0,0.0,0.0,0.0,5.0,0.505379172339571,,
R4,Trending_RandomWalkDrift,0.9977863084754003,0.522411111338057,0.8434677753586822,None,24,,,500,,,0.0,0.0,1.3631494812553577,,,0.18108162260641258
R1,Composite,0.9991952019405178,0.9948531949673757,0.9638090003149918,48,50,48.0,96.0,500,-0.12301690098965463,-2.1163085544298774e-05,10.87632613805817,6.866020119754559,0.7835991689383056,,,
R2,Seasonal,0.5253129760500521,0.9632786024802422,,48,50,48.0,96.0,500,0.0,0.0,17.655972214687463,4.581640026633033,1.5031845361232827,,,
R3,Stationary_WN,0.02863936644765741,0.1560180927655187,,None,26,,,500,0.0,0.0,0.0,0.0,13.509237649357274,,,
R4,Trending_MeanShift,0.9999679676411478,0.9998729798798645,0.0,None,250,,,500,,,0.0,0.0,0.8756127743174539,,250.0,
R1,Composite,0.999559322968733,0.9965156564752895,0.9440868658313156,12,12,12.0,24.0,500,0.21750156995161302,-4.42215716692781e-05,14.235882046389392,6.912482234790346,0.7277863830118079,,,
R2,Seasonal,0.7330176210164302,0.9941885943508584,,12,12,12.0,24.0,500,0.0,0.0,28.826437650549266,4.124473151867203,0.6152114104519563,,,
R3,Stationary_WN,0.3464779528312901,0.1328470042072033,,None,2,,,500,0.0,0.0,0.0,0.0,14.670687080929492,,,
R4,Trending_RandomWalkDrift,0.9992148520375466,0.6896111008129806,0.882032608623329,None,24,,,500,,,0.0,0.0,0.9294071594310563,,,-0.2704466152499406
R1,Composite,0.999864701378338,0.996836282876205,0.9772934335682961,36,36,36.0,72.0,500,0.24089191003927887,-4.441452421414254e-05,9.138105814854812,6.556037351001877,0.515249341981995,,,
R2,Seasonal,0.6896281662729169,0.9802881098783045,,36,36,36.0,72.0,500,0.0,0.0,24.773668249002206,6.351585981945384,1.0904460939985938,,,
R3,Stationary_WN,0.06644147093269703,0.33130316520093006,,None,17,,,500,0.0,0.0,0.0,0.0,14.330297114353302,,,
R4,Trending_RandomWalkDrift,0.9989801345602719,0.7807267492884142,0.9412605365330975,None,24,,,500,,,0.0,0.0,0.9125261614782663,,,-0.1193493103037005
R1,Composite,0.998927495837899,0.9963528525676434,0.8609595391996431,12,12,12.0,24.0,500,-0.15489465102693462,-3.61880408815278e-05,19.013186449952485,5.440094397733473,1.345418355951691,,,
R2,Seasonal,0.7363957551508464,0.969476792971652,,12,12,12.0,24.0,500,0.0,0.0,19.568691678147758,6.703428944059988,0.9053396515012957,,,
R3,Stationary_AR,0.15119170264407156,0.2638590640406999,,None,12,,,500,0.0,0.0,0.0,0.0,5.0,0.432247540598252,,
R4,Trending_ExponentialGrowth,0.9955991542455924,0.3747380709056509,0.24848377028820856,None,24,,,500,,,0.0,0.0,1.0045564269854486,,,
R1,Composite,0.9997603654836046,0.9983698135334366,0.9417375895281828,12,12,12.0,24.0,500,-0.27179367546229777,1.0170782633510475e-05,21.02157977372699,6.896384092158971,0.9115916576636205,,,
R2,Seasonal,0.7218991760160784,0.9863978491682543,,12,12,12.0,24.0,500,0.0,0.0,28.778877809426007,6.235772066253029,1.0970018130180976,,,
R3,Stationary_WN,0.14393915441013183,0.17731925336458854,,None,5,,,500,0.0,0.0,0.0,0.0,5.534104205310556,,,
R4,Trending_MeanShift,0.9993855278081836,0.9975230961619344,0.0,None,250,,,500,,,0.0,0.0,0.9083205702283794,,250.0,
R1,Composite,0.999464824185302,0.9910424638591383,0.8839798667787737,12,12,12.0,24.0,500,0.3099338421271931,-3.6081698182148816e-05,14.464619013048399,7.280807261353613,1.466025057215524,,,
R2,Seasonal,0.7505834761044097,0.9369819592933417,,12,12,12.0,24.0,500,0.0,0.0,20.80076368574403,10.669776267022595,0.8981710543922092,,,
R3,Stationary_AR,0.19027497680173633,0.31756910168728536,,None,38,,,500,0.0,0.0,0.0,0.0,5.0,0.696503373689636,,
R4,Trending_MeanShift,0.9998588927357401,0.9994324406568571,0.02225032392731896,None,250,,,500,,,0.0,0.0,0.8162296275003622,,250.0,
R1,Composite,0.9990912714226929,0.99602271063783,0.9715883498752393,12,12,12.0,24.0,500,-0.10788427447036267,1.804392867919739e-05,9.816626766581074,7.264072159032651,0.6432656487704975,,,
R2,Seasonal,0.7270735843327303,0.9604870609560422,,12,12,12.0,24.0,500,0.0,0.0,11.932304744173525,4.558342897262072,0.7428857726274516,,,
R3,Stationary_WN,0.0970319321129719,0.1171314984212466,,None,3,,,500,0.0,0.0,0.0,0.0,10.97872483812419,,,
R4,Trending_RandomWalkDrift,0.9995963531644257,0.6104524369618569,0.8149158753186198,None,24,,,500,,,0.0,0.0,0.9800870227147681,,,-0.38472797934689984
R1,Composite,0.999650841940853,0.9987357054957192,0.9213060177648749,12,12,12.0,24.0,500,-0.19516529366220253,4.1769782139232394e-05,18.75466809083452,4.428135480482372,0.7332401375538732,,,
R2,Seasonal,0.7261462722989993,0.955752787243321,,12,12,12.0,24.0,500,0.0,0.0,17.171597725234808,6.816671977909816,1.1262453677440987,,,
R3,Stationary_AR,0.13195130414598388,0.261498630517751,,None,19,,,500,0.0,0.0,0.0,0.0,5.0,0.43940920415500095,,
R4,Trending_MeanShift,0.9997689453133962,0.9990969268774718,0.0,None,250,,,500,,,0.0,0.0,0.784443249858599,,250.0,
R1,Composite,0.9999203277022647,0.999138303615467,0.9488440305362831,12,12,12.0,24.0,500,-0.3145993837684593,2.7548306768658152e-05,18.716674184166568,4.7184381147706675,0.5701300339819348,,,
R2,Seasonal,0.7065920426074415,0.9837857368644115,,12,12,12.0,24.0,500,0.0,0.0,29.474624601965445,6.795164078484331,1.502910157911934,,,
R3,Stationary_WN,0.13308260489192314,0.1871582422790401,,None,4,,,500,0.0,0.0,0.0,0.0,7.843230523938898,,,
R4,Trending_MeanShift,0.9997065189494115,0.9988446783147547,0.0,None,250,,,500,,,0.0,0.0,1.3841549017773294,,250.0,
R1,Composite,0.9992359570602634,0.996260354159127,0.9509033164278146,36,36,36.0,72.0,500,0.12683020626122476,-2.4136691196910553e-05,10.479681100629815,5.452390999112721,0.6707835799594443,,,
R2,Seasonal,0.669658622137414,0.9630216742553012,,36,36,36.0,72.0,500,0.0,0.0,17.755798883041194,6.05230512236165,1.2955037321252831,,,
R3,Stationary_WN,0.1656887340704517,0.18738342257891738,,None,5,,,500,0.0,0.0,0.0,0.0,7.938096842116056,,,
R4,Trending_ExponentialGrowth,0.9995874921430831,0.3730427154618089,0.40514869799606446,None,24,,,500,,,0.0,0.0,1.0959133486833483,,,
R1,Composite,0.9998478325129866,0.9978630122433207,0.9664604969532596,48,50,48.0,96.0,500,0.29513742461934467,4.936475637727754e-05,18.107409664621755,7.423673867298324,0.9138403085943692,,,
R2,Seasonal,0.4383668192744399,0.9723866400372976,,48,50,48.0,96.0,500,0.0,0.0,23.818351983428766,4.751341390912694,1.5834730912747728,,,
R3,Stationary_AR,0.1734390904112978,0.22267719547348064,,None,24,,,500,0.0,0.0,0.0,0.0,5.0,0.42531155213488125,,
R4,Trending_ExponentialGrowth,0.9989254798732908,0.372576757670947,0.29330120579626306,None,24,,,500,,,0.0,0.0,1.0888404445815827,,,
R1,Composite,0.9995565764158978,0.9802881914416194,0.7531281400739618,48,50,48.0,96.0,500,-0.36871093063551275,1.7479482398923094e-05,11.001357719832242,3.56958441730147,1.4422723205340242,,,
R2,Seasonal,0.6648323544746002,0.9498883433190326,,48,50,48.0,96.0,500,0.0,0.0,29.639387686396983,11.685935907819836,0.7594190455686876,,,
R3,Stationary_AR,0.014907035287218595,0.37576942777236266,,None,83,,,500,0.0,0.0,0.0,0.0,5.0,0.5955266784883564,,
R4,Trending_RandomWalkDrift,0.9996569850384791,0.9622363543212855,0.9491778298429029,None,100,,,500,,,0.0,0.0,1.0214177075534097,,,-0.48123350923596786
R1,Composite,0.9998935229648798,0.9937752080998181,0.9052194527144405,24,24,24.0,48.0,500,0.3645706265440045,2.359259554487708e-05,9.870729304620626,4.450458501481117,0.90900218158767,,,
R2,Seasonal,0.689734643497559,0.9531087573699364,,24,24,24.0,48.0,500,0.0,0.0,24.970736937424697,9.896451163452362,1.3165227876612973,,,
R3,Stationary_AR,0.020581324220406927,0.19634358406761232,,None,125,,,500,0.0,0.0,0.0,0.0,5.0,0.4869506767793246,,
R4,Trending_RandomWalkDrift,0.9992142298415058,0.5534329967002245,0.8353666162208886,None,24,,,500,,,0.0,0.0,0.5987798387993546,,,0.29116814674443947
R1,Composite,0.9999404571112125,0.9993045157661291,0.9588035935554193,24,24,24.0,48.0,500,0.31831949673217746,-1.5779270944613685e-05,18.379542779406968,4.3494295916769214,0.528138540979904,,,
R2,Seasonal,0.6949058829226002,0.8771720964581635,,24,24,24.0,48.0,500,0.0,0.0,12.788769806476228,8.826149739282553,1.1004617845882654,,,
R3,Stationary_AR,0.0749927825999438,0.32224635276355806,,None,36,,,500,0.0,0.0,0.0,0.0,5.0,0.4731820254599016,,
R4,Trending_RandomWalkDrift,0.999579860066123,0.5414284392074359,0.8679896589892209,None,24,,,500,,,0.0,0.0,0.6562970327467311,,,0.41828128484691296
R1,Composite,0.9984100797134675,0.9941513955943562,0.6451631526550374,24,24,24.0,48.0,500,-0.18137682041749414,-3.1421943304181826e-05,20.904604460602748,2.854210406358045,1.3509222973757165,,,
R2,Seasonal,0.7070837632288116,0.9304551651372528,,24,24,24.0,48.0,500,0.0,0.0,17.78965217902231,9.121180903031991,0.6354924859190718,,,
R3,Stationary_WN,0.2624553175377734,0.12244801850638376,,None,2,,,500,0.0,0.0,0.0,0.0,9.240887638579215,,,
R4,Trending_MeanShift,0.9998835309791155,0.9995361857636306,0.0,None,250,,,500,,,0.0,0.0,0.6938177057675735,,250.0,
R1,Composite,0.999671721998899,0.9955218060623584,0.9486579831441709,24,24,24.0,48.0,500,-0.26705173060402687,1.641098242620671e-05,13.908740587380816,7.632047184238031,0.9647809819233141,,,
R2,Seasonal,0.6838015404521092,0.925376877075683,,24,24,24.0,48.0,500,0.0,0.0,17.181132130782302,8.542115187975885,1.4480697445342006,,,
R3,Stationary_AR,0.024374986358556172,0.4069287451769714,,None,50,,,500,0.0,0.0,0.0,0.0,5.0,0.5499816304951678,,
R4,Trending_RandomWalkDrift,0.9992883488162514,0.659647688217317,0.8933955311908613,None,24,,,500,,,0.0,0.0,0.8764852888841248,,,0.36197202683650287
R1,Composite,0.9996876724015823,0.985127593906814,0.9066862457432313,24,24,24.0,48.0,500,0.34393412442934235,3.350126422859332e-05,10.156443741883153,7.355774034309402,1.3481222975406761,,,
R2,Seasonal,0.7000376344658072,0.9759706358689607,,24,24,24.0,48.0,500,0.0,0.0,29.773508797938472,8.549624855058877,0.9716863889163039,,,
R3,Stationary_AR,0.0548485687078053,0.28925729611655904,,None,42,,,500,0.0,0.0,0.0,0.0,5.0,0.5820744872762783,,
R4,Trending_ExponentialGrowth,0.9998959008839428,0.4523457664479079,0.5030103411956399,None,24,,,500,,,0.0,0.0,0.51203306624144,,,
R1,Composite,0.9993977857431784,0.9939447423685035,0.8138401170546963,36,36,36.0,72.0,500,-0.3022276847236911,2.7946338472994654e-05,18.410448211452994,5.296636803286082,1.3959506748523725,,,
R2,Seasonal,0.6906453768325602,0.9742622440490895,,36,36,36.0,72.0,500,0.0,0.0,21.477531486855774,6.205577032415095,1.055151050654802,,,
R3,Stationary_WN,0.11836181617136954,0.23751195927111413,,None,5,,,500,0.0,0.0,0.0,0.0,8.0239165988547,,,
R4,Trending_RandomWalkDrift,0.9997632851400431,0.7093666118231975,0.8468576823679842,None,24,,,500,,,0.0,0.0,1.3355142682474352,,,-0.3896957414256067
R1,Composite,0.9997041568990462,0.9934008433729634,0.9522212674131765,36,36,36.0,72.0,500,-0.2610764830309568,1.76125111761002e-05,10.952463288022003,7.525789662478677,0.9457240609517737,,,
R2,Seasonal,0.7019073395071274,0.854951461357297,,36,36,36.0,72.0,500,0.0,0.0,14.202660578124586,10.71446812807262,1.5417134280622782,,,
R3,Stationary_AR,0.28006868606222235,0.2147716454398121,,None,8,,,500,0.0,0.0,0.0,0.0,5.0,0.438968761188548,,
R4,Trending_MeanShift,0.9998239971002317,0.9992902986098411,0.0,None,250,,,500,,,0.0,0.0,1.3749281274845155,,250.0,
R1,Composite,0.9998043544100552,0.9991158927943598,0.8572669324250247,24,24,24.0,48.0,500,0.18583799198869733,3.294252888594456e-05,19.34664006583772,2.5074401105871877,0.6115773478248673,,,
R2,Seasonal,0.6880676873290699,0.9587393234883143,,24,24,24.0,48.0,500,0.0,0.0,18.889713331891596,6.849383113976891,1.0560568044203307,,,
R3,Stationary_WN,0.2245959536885831,0.1509131042962768,,None,2,,,500,0.0,0.0,0.0,0.0,11.243973452332446,,,
R4,Trending_MeanShift,0.9999804559433086,0.9999218543217127,0.41158590694261554,None,250,,,500,,,0.0,0.0,0.9033507229787853,,250.0,
R1,Composite,0.999643848681939,0.9927654695196506,0.9602283081119566,48,50,48.0,96.0,500,0.207102085198874,-1.5825231213429982e-05,9.330430291710302,6.699673816075812,0.8274609881567362,,,
R2,Seasonal,0.6228251566966079,0.9161940922539009,,48,50,48.0,96.0,500,0.0,0.0,18.353033034831377,8.662624392635909,1.6550625541015413,,,
R3,Stationary_AR,0.17157017190753754,0.3653180541230374,,None,42,,,500,0.0,0.0,0.0,0.0,5.0,0.6894316847221118,,
R4,Trending_ExponentialGrowth,0.99220412257435,0.3156413990431244,0.2552557130964457,None,24,,,500,,,0.0,0.0,1.3879099442448293,,,
R1,Composite,0.9997724649943374,0.9977875373028426,0.9760243989215246,24,24,24.0,48.0,500,0.16598804405976397,3.952034405357412e-05,11.964694724951066,6.829497161101554,0.6378460446448709,,,
R2,Seasonal,0.7053163500395196,0.9623737962352604,,24,24,24.0,48.0,500,0.0,0.0,24.981998215416052,9.133615583166586,0.6826077016918692,,,
R3,Stationary_AR,0.10755120617513791,0.23916472496161312,,None,62,,,500,0.0,0.0,0.0,0.0,5.0,0.6141625605738215,,
R4,Trending_RandomWalkDrift,0.9793648238531073,0.5386843129297012,0.0,None,167,,,500,,,0.0,0.0,1.4096705125846882,,,0.4752162762655433
R1,Composite,0.999449522069005,0.9965006154456527,0.8457700236621742,36,36,36.0,72.0,500,-0.22912777700787723,-3.224182988478237e-05,19.756509608718734,4.828451385155735,1.2013565679969678,,,
R2,Seasonal,0.6926737481037084,0.9605258277150265,,36,36,36.0,72.0,500,0.0,0.0,29.199742819894276,10.423448723701938,1.7083071575600999,,,
R3,Stationary_AR,0.23424354428274763,0.17836640110583513,,None,8,,,500,0.0,0.0,0.0,0.0,5.0,0.4046129559016095,,
R4,Trending_MeanShift,0.954275496577926,0.9112653904427644,0.0,None,250,,,500,,,0.0,0.0,0.7156362880364652,,250.0,
R1,Composite,0.9991384908689065,0.996473650500375,0.8969370164458126,24,24,24.0,48.0,500,-0.17920564123510596,-1.4733079460632538e-05,18.538768296906518,5.893001509843895,1.2224814617140058,,,
R2,Seasonal,0.7070983834150615,0.9794561952058316,,24,24,24.0,48.0,500,0.0,0.0,29.613699881884354,8.051843764861246,0.5446020416241958,,,
R3,Stationary_WN,0.1525704900589412,0.07624820722589787,,None,2,,,500,0.0,0.0,0.0,0.0,5.653462692451909,,,
R4,Trending_MeanShift,0.9999491324123684,0.9997953710497601,0.0,None,250,,,500,,,0.0,0.0,0.9260648881116147,,250.0,
R1,Composite,0.9997261612295729,0.9883821048297313,0.695406317083564,12,12,12.0,24.0,500,-0.3194042871461603,1.6401094716480885e-05,9.588379131688852,2.6128866288519443,1.046271363436737,,,
R2,Seasonal,0.7008582342029763,0.9776288057503347,,12,12,12.0,24.0,500,0.0,0.0,20.627082310226093,5.45122558874255,1.221437626879056,,,
R3,Stationary_WN,0.25895311631990015,0.07697503828098606,,None,2,,,500,0.0,0.0,0.0,0.0,11.867517497477497,,,
R4,Trending_ExponentialGrowth,0.9941507799790071,0.42278892386766864,0.3054156980039301,None,24,,,500,,,0.0,0.0,1.3224262505975357,,,
R1,Composite,0.9995915512854627,0.9859504425294418,0.8876695205074888,36,36,36.0,72.0,500,-0.23139959499065604,-3.5406446791829485e-05,8.542420247113,5.313931400570622,1.241177714952284,,,
R2,Seasonal,0.6679540057992361,0.9533843075763483,,36,36,36.0,72.0,500,0.0,0.0,21.449839694234317,8.38034917344498,1.8111906540466078,,,
R3,Stationary_WN,0.0653865939882331,0.1776206217604568,,None,6,,,500,0.0,0.0,0.0,0.0,14.228789662033634,,,
R4,Trending_RandomWalkDrift,0.9997787357520573,0.6383987222281319,0.8445339491455186,None,24,,,500,,,0.0,0.0,1.23644611863296,,,0.4082032640317734
R1,Composite,0.9975195954233506,0.998262647753884,0.9083155020114834,36,36,36.0,72.0,500,0.12281867252294582,-4.554980302641531e-05,24.215649598505994,5.682670799225391,1.048054345679451,,,
R2,Seasonal,0.6637018282470217,0.9510792205329435,,36,36,36.0,72.0,500,0.0,0.0,19.181565112537875,7.364351589298585,1.7627204741701181,,,
R3,Stationary_AR,0.1385574201948776,0.1962905863248201,,None,19,,,500,0.0,0.0,0.0,0.0,5.0,0.424063663958901,,
R4,Trending_MeanShift,0.999960263785736,0.999841601212773,0.0,None,250,,,500,,,0.0,0.0,0.6138629130860035,,250.0,
R1,Composite,0.9989706918571006,0.9972351406871629,0.9057998762060054,36,36,36.0,72.0,500,-0.19265089211857095,3.2231199051791567e-05,22.261614507551563,6.377743746109508,1.29394319836764,,,
R2,Seasonal,0.7106607170273855,0.8843222367574741,,36,36,36.0,72.0,500,0.0,0.0,15.155344270543987,10.313085200193258,0.9915729558205817,,,
R3,Stationary_WN,0.02760079950305616,0.275038304993917,,None,23,,,500,0.0,0.0,0.0,0.0,5.880545741261757,,,
R4,Trending_MeanShift,0.999749318968287,0.9989792288872004,0.0,None,250,,,500,,,0.0,0.0,0.6101675007340197,,250.0,
R1,Composite,0.9992099763971035,0.9964502562166659,0.8696600156209987,24,24,24.0,48.0,500,0.17172781672091153,2.0096217365904395e-05,17.397027324664307,4.7018842726325385,1.1065360480236741,,,
R2,Seasonal,0.6932298345447048,0.9793190112528488,,24,24,24.0,48.0,500,0.0,0.0,19.726647897054438,5.164743653647805,0.7472987716355151,,,
R3,Stationary_WN,0.24705960886798795,0.11705489262453861,,None,2,,,500,0.0,0.0,0.0,0.0,6.755585806007932,,,
R4,Trending_RandomWalkDrift,0.0,0.03111780314842172,0.0,None,167,,,500,,,0.0,0.0,1.219006461801966,,,0.12380219059844344
R1,Composite,0.9999143952397043,0.9976889420248138,0.9427883736996134,36,36,36.0,72.0,500,0.3667096289144254,2.456912320978645e-05,14.861195772912263,5.265793700519051,0.7491418163225478,,,
R2,Seasonal,0.6963449836041408,0.9242375353660752,,36,36,36.0,72.0,500,0.0,0.0,14.376545952324303,7.591315697374312,1.1280963756824647,,,
R3,Stationary_AR,0.0011885268252517234,0.5799512660514097,,None,167,,,500,0.0,0.0,0.0,0.0,5.0,0.4703458720629805,,
R4,Trending_ExponentialGrowth,0.9947207685699295,0.42627991969509105,0.3843949248160995,None,24,,,500,,,0.0,0.0,0.7487805088552038,,,
R1,Composite,0.9999024662564084,0.9985507094399566,0.9594012058810487,48,50,48.0,96.0,500,0.3836267660601247,-4.6767137081409376e-05,19.795300897670735,5.948655212755238,0.7317819247987651,,,
R2,Seasonal,0.6626411586237533,0.8709136873209995,,48,50,48.0,96.0,500,0.0,0.0,13.965338146105704,9.138021653156244,1.361369988120427,,,
R3,Stationary_AR,0.04588816861026923,0.8945765355554076,,None,250,,,500,0.0,0.0,0.0,0.0,5.0,0.6575086988015593,,
R4,Trending_MeanShift,0.9998164438519644,0.9992676300427605,0.0,None,250,,,500,,,0.0,0.0,1.2170792415880252,,250.0,
R1,Composite,0.9995265730823031,0.9953637440071167,0.8144014206058233,36,36,36.0,72.0,500,-0.2561692948584283,1.5273316612018e-05,16.126323534993084,4.00409398557345,1.1795784766524087,,,
R2,Seasonal,0.5899584752517559,0.9811116074719566,,36,36,36.0,72.0,500,0.0,0.0,27.481259404611002,5.448162270223705,1.7837786008298055,,,
R3,Stationary_AR,0.042343703389400855,0.2989025015572172,,None,125,,,500,0.0,0.0,0.0,0.0,5.0,0.6517394590895806,,
R4,Trending_ExponentialGrowth,0.9922135113268179,0.3436738982276749,0.37077346860934757,None,24,,,500,,,0.0,0.0,1.3840227360337027,,,
R1,Composite,0.9983429107256585,0.9980833889233234,0.7607329471738253,36,36,36.0,72.0,500,0.12855304741524987,-2.1020854402644465e-05,22.183018100879664,2.8877204561902188,1.0210968282770665,,,
R2,Seasonal,0.7159542458555268,0.9742092680075688,,36,36,36.0,72.0,500,0.0,0.0,27.386813801185074,8.514305523465765,0.6983580663140356,,,
R3,Stationary_WN,0.07720732929575902,0.15770424383189818,,None,4,,,500,0.0,0.0,0.0,0.0,7.796854586161278,,,
R4,Trending_MeanShift,0.9997986766149431,0.9992037174174085,0.0,None,250,,,500,,,0.0,0.0,0.868598296849394,,250.0,
R1,Composite,0.9981451315563581,0.9967648068341813,0.8968080543257707,24,24,24.0,48.0,500,-0.16425483993158896,4.546269255115923e-05,21.59112755912836,6.608762411296615,1.2379272875710656,,,
R2,Seasonal,0.6305288268224205,0.9624785704900517,,24,24,24.0,48.0,500,0.0,0.0,12.918389953639249,4.0369015148744065,1.022061063440327,,,
R3,Stationary_WN,0.15061132878881112,0.13869388711332042,,None,3,,,500,0.0,0.0,0.0,0.0,6.2040936571825895,,,
R4,Trending_ExponentialGrowth,0.9998531218686756,0.4721588540147045,0.5578679096762695,None,24,,,500,,,0.0,0.0,0.631453889493848,,,
R1,Composite,0.9987384291385522,0.997861730003505,0.9061164705731247,36,36,36.0,72.0,500,0.10557741455708985,4.634121295053816e-05,20.162441544627804,5.356287026955009,1.0367125205774261,,,
R2,Seasonal,0.6567749899791293,0.9739339598808887,,36,36,36.0,72.0,500,0.0,0.0,19.841872036521664,5.345044877576063,1.2510982630824865,,,
R3,Stationary_AR,0.2185239395726959,0.23739409004782053,,None,9,,,500,0.0,0.0,0.0,0.0,5.0,0.47354713456725633,,
R4,Trending_RandomWalkDrift,0.9263396864165637,0.8711571323137649,0.0,None,250,,,500,,,0.0,0.0,1.1899317169147499,,,0.20750578778788104
R1,Composite,0.9996898285378576,0.9971479150322211,0.8926952717656844,36,36,36.0,72.0,500,0.24038081412252524,-3.627804313962858e-05,14.830453944251431,4.182163651876537,0.8111094334576674,,,
R2,Seasonal,0.7049705695860541,0.9822231252235265,,36,36,36.0,72.0,500,0.0,0.0,28.40816213689803,7.0234471646267504,0.8701282018891277,,,
R3,Stationary_WN,0.2390112881035259,0.12169246941638967,,None,2,,,500,0.0,0.0,0.0,0.0,10.052884752991552,,,
R4,Trending_MeanShift,0.9998902714033415,0.9995612565298251,0.0,None,250,,,500,,,0.0,0.0,0.7618764471090034,,250.0,
