True_Regime,Pattern,F_T,F_S,True_P,Est_P,rand_p1,rand_p2,length,slope,curve,amp1,amp2,noise_std,phi,break_point,drift
R1,Trend+MultiSeason,0.9999982411533664,0.48385495245424504,12,24,12.0,24.0,300,-0.1560022847096716,-3.7883408616579066,16.92340639084497,7.730577671393268,0.5359485789369469,,,
R2,Pure_MultiSeason,0.7065367985366515,0.9863493314735258,12,12,12.0,24.0,300,0.0,0.0,28.81321808676742,6.045653386544544,1.257271395586256,,,
R3,Stationary_AR,0.14542426736762648,0.2773632913286056,None,15,,,300,0.0,0.0,0.0,0.0,5.0,0.49913644205303714,,
R4,PureTrend_Break,0.9998907333526229,0.9995641580841906,None,150,,,300,,,0.0,0.0,1.4713563910858607,,150.0,
R1,Trend+MultiSeason,0.9999981997203014,0.48497163673024024,48,24,48.0,96.0,300,-0.2785805370693367,-1.3108623386504976,16.55633307064108,7.322097972534063,1.1449058554753262,,,
R2,Pure_MultiSeason,0.6464518653943306,0.9044095663536684,48,50,48.0,96.0,300,0.0,0.0,13.272051388378166,7.388556303942038,1.1279195821922183,,,
R3,Stationary_AR,0.09184580740599224,0.2968323453478626,None,75,,,300,0.0,0.0,0.0,0.0,5.0,0.6508492631048639,,
R4,PureTrend_Break,0.9997035367516407,0.9988268413592059,None,150,,,300,,,0.0,0.0,1.054056203251718,,150.0,
R1,Trend+MultiSeason,0.9999982300431162,0.47869928419099816,48,24,48.0,96.0,300,-0.20062012759824432,2.4861176564869103,9.711897934670372,3.138204546798062,1.2563244764822579,,,
R2,Pure_MultiSeason,0.6394300657500676,0.9341998320968314,48,50,48.0,96.0,300,0.0,0.0,19.33428300491864,8.649189499382821,1.075496947371778,,,
R3,Stationary_WN,0.19390483990641838,0.2577329702506709,None,2,,,300,0.0,0.0,0.0,0.0,7.416912645546059,,,
R4,PureTrend_Break,0.9997870577168803,0.9991508946391586,None,150,,,300,,,0.0,0.0,1.223823297916681,,150.0,
R1,Trend+MultiSeason,0.9999982426026878,0.4588147590975905,24,24,24.0,48.0,300,-0.12012686501122202,-1.9155121965807995,24.202782869383395,4.300890325084171,0.6493015782739844,,,
R2,Pure_MultiSeason,0.6279747782688669,0.9314862521386955,24,25,24.0,48.0,300,0.0,0.0,20.170527770618563,8.733561543748467,1.6738366040844357,,,
R3,Stationary_AR,0.02709509435043722,0.3959124279584232,None,50,,,300,0.0,0.0,0.0,0.0,5.0,0.4852008743200905,,
R4,PureTrend_RandomWalk,0.9927202624946965,0.7826921803681932,None,150,,,300,,,0.0,0.0,0.9779689816734312,,,-0.2790122201825812
R1,Trend+MultiSeason,0.9999982438599787,0.4686114201446848,24,24,24.0,48.0,300,-0.3562767385759499,-3.1819021434841477,17.656998713549694,7.302289818672218,1.0125942561094123,,,
R2,Pure_MultiSeason,0.6032900758672197,0.9642590139252815,24,25,24.0,48.0,300,0.0,0.0,26.971997545185324,7.907195002548774,1.526916273309669,,,
R3,Stationary_WN,0.13826152645646028,0.11819098698030495,None,3,,,300,0.0,0.0,0.0,0.0,8.639087557806496,,,
R4,PureTrend_Exponential,0.9986634704931702,0.10403554971858575,None,24,,,300,,,0.0,0.0,0.9268495725751732,,,
R1,Trend+MultiSeason,0.9999982400613885,0.46117057500537406,24,24,24.0,48.0,300,-0.29066026930279026,-1.3090215005883128,21.460646707233117,5.9396455724055315,1.0182286280553006,,,
R2,Pure_MultiSeason,0.02546549293969691,0.975518671053563,24,50,24.0,48.0,300,0.0,0.0,13.842477653142149,10.499003406043276,1.595752868893013,,,
R3,Stationary_WN,0.09874251075970375,0.04632340521781253,None,3,,,300,0.0,0.0,0.0,0.0,12.06558802322835,,,
R4,PureTrend_Break,0.9998044483941101,0.9992144434543017,None,150,,,300,,,0.0,0.0,1.4695719454417953,,150.0,
R1,Trend+MultiSeason,0.9999982422004808,0.48335404102221846,12,24,12.0,24.0,300,-0.19877122380290302,-2.5884477429158625,9.732812476486341,3.444992283251305,1.2490962531955663,,,
R2,Pure_MultiSeason,0.6482352543786214,0.8839048909184479,12,12,12.0,24.0,300,0.0,0.0,10.461757404422956,6.224889685670182,1.550097650311089,,,
R3,Stationary_WN,0.2515888801560149,0.2282106435215041,None,3,,,300,0.0,0.0,0.0,0.0,13.990651289080027,,,
R4,PureTrend_Exponential,0.9987527174641164,0.0,None,24,,,300,,,0.0,0.0,0.536154128248367,,,
R1,Trend+MultiSeason,0.9999982645291795,0.48658647906273256,36,24,36.0,72.0,300,-0.17406604121504882,-3.1801462216054968,12.21474519226199,2.5999791417370597,0.5905534653698766,,,
R2,Pure_MultiSeason,0.6676575883788322,0.8954209149915484,36,38,36.0,72.0,300,0.0,0.0,16.772265335196966,9.743724478924298,0.9390897236391937,,,
R3,Stationary_AR,0.2329320513462555,0.23289577656311844,None,38,,,300,0.0,0.0,0.0,0.0,5.0,0.6553819890241561,,
R4,PureTrend_RandomWalk,0.9969110033432453,0.9566452491096048,None,150,,,300,,,0.0,0.0,0.5388172427617975,,,0.12617169581663676
R1,Trend+MultiSeason,0.9999982370835145,0.5057464233335504,24,24,24.0,48.0,300,0.3607534547152753,3.41057693294554,23.63481995995729,6.587968789750575,0.5308105265023826,,,
R2,Pure_MultiSeason,0.6076812497570296,0.9763724117390442,24,25,24.0,48.0,300,0.0,0.0,22.453322717628133,5.341616908894336,0.7369507140333751,,,
R3,Stationary_AR,0.0472534206569345,0.3001075487126086,None,60,,,300,0.0,0.0,0.0,0.0,5.0,0.6559343736729513,,
R4,PureTrend_RandomWalk,0.964976251547327,0.6417104784756158,None,100,,,300,,,0.0,0.0,1.2127236915661486,,,-0.3234045860163516
R1,Trend+MultiSeason,0.999998207695406,0.4854627722552177,48,24,48.0,96.0,300,0.3541888337564193,-1.1500999224533377,13.036355134000285,2.7698415449563596,1.4639696441751844,,,
R2,Pure_MultiSeason,0.6095619150917013,0.9415986651305366,48,50,48.0,96.0,300,0.0,0.0,18.719232224173265,7.066119541527068,1.7593093114329013,,,
R3,Stationary_WN,0.07754231715501148,0.02068927733310777,None,2,,,300,0.0,0.0,0.0,0.0,14.029093005784304,,,
R4,PureTrend_Exponential,0.9985687192263045,0.0,None,24,,,300,,,0.0,0.0,0.5913874497700524,,,
R1,Trend+MultiSeason,0.9999982313455673,0.4775537978289194,48,24,48.0,96.0,300,-0.35518990030798825,3.427193630109276,14.784859212655117,7.181661721589928,0.8301066715100485,,,
R2,Pure_MultiSeason,0.6745619162732437,0.9466542002050057,48,50,48.0,96.0,300,0.0,0.0,26.96992135490523,11.168832088004892,0.5780196903861803,,,
R3,Stationary_AR,0.19115356023028152,0.11486270511642194,None,12,,,300,0.0,0.0,0.0,0.0,5.0,0.5829885165133913,,
R4,PureTrend_RandomWalk,0.9951256912595938,0.9600046474452106,None,150,,,300,,,0.0,0.0,1.104417923228774,,,0.3994842647732679
R1,Trend+MultiSeason,0.9999981670195022,0.4693105609974104,36,24,36.0,72.0,300,0.3618140185799338,4.29468684566047,23.42085752956301,6.992411691661593,0.5262486973508428,,,
R2,Pure_MultiSeason,0.5472743163666405,0.9330144034697397,36,38,36.0,72.0,300,0.0,0.0,19.51572404822258,7.30754943914358,1.5757499464729778,,,
R3,Stationary_AR,0.41925611906017735,0.22080495004224354,None,4,,,300,0.0,0.0,0.0,0.0,5.0,0.47246178389515925,,
R4,PureTrend_Break,0.9996425068418124,0.998571685911754,None,150,,,300,,,0.0,0.0,1.094688309431444,,150.0,
R1,Trend+MultiSeason,0.9999982434230421,0.4674022109803655,24,24,24.0,48.0,300,-0.13221369156731522,-1.8020787784625638,10.96883738637222,3.83231401613904,0.6108434813060991,,,
R2,Pure_MultiSeason,0.6337750795254091,0.9548148017484528,24,25,24.0,48.0,300,0.0,0.0,28.392905354366317,10.011195697558136,1.5796323538222887,,,
R3,Stationary_AR,0.1993855563362017,0.3023583786956322,None,12,,,300,0.0,0.0,0.0,0.0,5.0,0.4882850934479721,,
R4,PureTrend_Exponential,0.9758793676691467,0.2481108837644832,None,24,,,300,,,0.0,0.0,1.3979500334161186,,,
R1,Trend+MultiSeason,0.9999982383589653,0.49569564929139576,12,24,12.0,24.0,300,0.30863815051808907,1.179881902380619,10.933142659326602,7.1986596748093294,1.4784686740289394,,,
R2,Pure_MultiSeason,0.7322383861296856,0.957694316681472,12,12,12.0,24.0,300,0.0,0.0,20.924151585258976,8.325151389006972,1.6580892833946832,,,
R3,Stationary_AR,0.003179871563679937,0.2625527836956595,None,150,,,300,0.0,0.0,0.0,0.0,5.0,0.4965325508320307,,
R4,PureTrend_RandomWalk,0.9467156801566005,0.08904320356723194,None,24,,,300,,,0.0,0.0,0.7602108833638486,,,0.18763447643294173
R1,Trend+MultiSeason,0.9999982429468813,0.46173657074888386,24,24,24.0,48.0,300,-0.29019438994502067,-2.0931257458751715,18.66272979754818,2.2362823871541515,0.5093146656172465,,,
R2,Pure_MultiSeason,0.6428105074764903,0.9648017289761693,24,25,24.0,48.0,300,0.0,0.0,20.246517567490777,6.192349168740202,0.8722251250171091,,,
R3,Stationary_AR,0.011759544557267354,0.5435023251629514,None,100,,,300,0.0,0.0,0.0,0.0,5.0,0.4765167408176944,,
R4,PureTrend_Break,0.9999356327167294,0.9997419821828033,None,150,,,300,,,0.0,0.0,0.7916033499868,,150.0,
R1,Trend+MultiSeason,0.9999982642496588,0.48843534662563637,36,24,36.0,72.0,300,-0.2092546883797258,-2.8082092890863635,14.295115875438725,6.616197682228165,1.3460310058798268,,,
R2,Pure_MultiSeason,0.5912397969891041,0.9424634318834058,36,38,36.0,72.0,300,0.0,0.0,24.783451472722323,8.975841471540825,1.7116595585330538,,,
R3,Stationary_WN,0.17155722038423582,0.1332832759574062,None,3,,,300,0.0,0.0,0.0,0.0,9.209902631495803,,,
R4,PureTrend_RandomWalk,0.9376885069082861,0.22631559701548798,None,24,,,300,,,0.0,0.0,1.002934544610301,,,0.10949589101490767
R1,Trend+MultiSeason,0.9999981884119682,0.46826223352276686,48,24,48.0,96.0,300,-0.25514529704019306,2.0445732243749437,24.68760295859142,6.619804549132046,0.6756482472906855,,,
R2,Pure_MultiSeason,0.6577258180939112,0.9537629293042201,48,50,48.0,96.0,300,0.0,0.0,25.967738570209175,9.804435585859185,1.258381989084937,,,
R3,Stationary_AR,0.2578624934601592,0.1954992126939995,None,14,,,300,0.0,0.0,0.0,0.0,5.0,0.5426116326556591,,
R4,PureTrend_Exponential,0.9954633500273105,0.2752584647308908,None,24,,,300,,,0.0,0.0,1.0887676352048175,,,
R1,Trend+MultiSeason,0.999998241709847,0.4866664708738637,12,24,12.0,24.0,300,0.11123453928595228,2.800526448378178,19.85612231899132,2.822282833880684,1.4883302836018164,,,
R2,Pure_MultiSeason,0.7534658673367883,0.9868044231821124,12,12,12.0,24.0,300,0.0,0.0,23.81877463201032,5.47952342771026,0.5134144136490342,,,
R3,Stationary_AR,0.035442582283533475,0.3258969401339352,None,50,,,300,0.0,0.0,0.0,0.0,5.0,0.5247308813272756,,
R4,PureTrend_Exponential,0.9988642336596754,0.18042218025550483,None,24,,,300,,,0.0,0.0,0.8224244582314828,,,
R1,Trend+MultiSeason,0.999998241465845,0.4846093402614572,12,24,12.0,24.0,300,0.18829602812666857,-3.988231340491993,19.45918331692392,3.2172092609349474,1.1255318924793802,,,
R2,Pure_MultiSeason,0.6015804185935079,0.9516446482741573,12,12,12.0,24.0,300,0.0,0.0,14.62433277177302,4.917748564641561,1.8054250437242927,,,
R3,Stationary_WN,0.09666474919863899,0.3126706651572656,None,12,,,300,0.0,0.0,0.0,0.0,5.372852104651896,,,
R4,PureTrend_RandomWalk,0.997644084249067,0.06845160553983376,None,24,,,300,,,0.0,0.0,0.5991459746751332,,,0.36626779685063215
R1,Trend+MultiSeason,0.9999982102148995,0.4760980690477198,36,24,36.0,72.0,300,-0.39715997107357026,4.349540961397206,11.208329340544354,4.312385160396537,1.2198480333779815,,,
R2,Pure_MultiSeason,0.5423120048658989,0.9592141607477933,36,38,36.0,72.0,300,0.0,0.0,28.26339566383967,7.876033249922124,1.5744690847592209,,,
R3,Stationary_WN,0.09398451114497053,0.27482006431590245,None,8,,,300,0.0,0.0,0.0,0.0,7.425456779204862,,,
R4,PureTrend_RandomWalk,0.9879326236081701,0.9324031176038909,None,150,,,300,,,0.0,0.0,0.6037084515790926,,,-0.4191699064045785
R1,Trend+MultiSeason,0.9999982265932554,0.47602957612486363,48,24,48.0,96.0,300,0.2883702401663209,2.6873424132450467,15.630106427292844,6.095678158893739,0.8861040876269428,,,
R2,Pure_MultiSeason,0.4963284477062704,0.9108796523439743,48,50,48.0,96.0,300,0.0,0.0,14.385392361573764,5.8885623392438635,1.633391671731938,,,
R3,Stationary_AR,0.015127674569022087,0.3333806162743832,None,75,,,300,0.0,0.0,0.0,0.0,5.0,0.4964082780319804,,
R4,PureTrend_RandomWalk,0.9233353538928897,0.43820778370578084,None,50,,,300,,,0.0,0.0,0.681491727299333,,,-0.10296289175829623
R1,Trend+MultiSeason,0.999998239881426,0.5344133813272564,12,24,12.0,24.0,300,0.10296614443983451,-0.9564073309564706,21.752628380898415,2.6682560632393826,0.6986160566981765,,,
R2,Pure_MultiSeason,0.7310869058704421,0.9643546375065044,12,12,12.0,24.0,300,0.0,0.0,27.16023489173972,10.189600246046627,1.5827521246680578,,,
R3,Stationary_AR,0.15639493517731484,0.206279481050487,None,27,,,300,0.0,0.0,0.0,0.0,5.0,0.47796771667885857,,
R4,PureTrend_Break,0.9999959854788406,0.9999839442607459,None,150,,,300,,,0.0,0.0,0.984881977932295,,150.0,
R1,Trend+MultiSeason,0.9999982518208168,0.4890900110784526,36,24,36.0,72.0,300,-0.19087293189634735,-1.3670624947587466,21.520091474318356,2.331812243040369,1.3557260628779888,,,
R2,Pure_MultiSeason,0.0,0.9798654388904536,36,75,36.0,72.0,300,0.0,0.0,13.350204435873824,11.259495758341693,1.5690802006593483,,,
R3,Stationary_WN,0.1280780046773976,0.12086703463658055,None,3,,,300,0.0,0.0,0.0,0.0,9.106876612667373,,,
R4,PureTrend_Exponential,0.9967775272375663,0.07423556159841871,None,24,,,300,,,0.0,0.0,0.8535769788210533,,,
R1,Trend+MultiSeason,0.9999982439860525,0.49261819111201743,12,24,12.0,24.0,300,0.3061893729538082,1.9223245091409578,17.67122118287589,7.097623677702614,0.8133934162270688,,,
R2,Pure_MultiSeason,0.7553298744157798,0.9721687061047888,12,12,12.0,24.0,300,0.0,0.0,28.613739320039173,9.712103714602467,0.7486498021413373,,,
R3,Stationary_WN,0.18112556179679706,0.12243060248662896,None,3,,,300,0.0,0.0,0.0,0.0,14.964508770269635,,,
R4,PureTrend_RandomWalk,0.9747896494548699,0.9242385908191878,None,150,,,300,,,0.0,0.0,1.2177612991992919,,,0.14276009622051405
R1,Trend+MultiSeason,0.9999982258001116,0.4849569768330184,48,24,48.0,96.0,300,0.25353854458723946,-1.4646936235350039,11.367042583950305,2.0969560423124354,0.6309989065576979,,,
R2,Pure_MultiSeason,0.5772219647142406,0.9446054061256369,48,50,48.0,96.0,300,0.0,0.0,28.511731181483228,10.324188509407584,1.4626218609460226,,,
R3,Stationary_WN,0.05080445543541212,0.2802984142154157,None,14,,,300,0.0,0.0,0.0,0.0,6.322700167909567,,,
R4,PureTrend_Break,0.9999433724460575,0.9997736248958251,None,150,,,300,,,0.0,0.0,1.3181485731044724,,150.0,
R1,Trend+MultiSeason,0.9999982358284966,0.45898244088447715,24,24,24.0,48.0,300,0.3579863188785506,-1.1700927975752842,18.212865189613346,3.858189612131886,1.4636296432851723,,,
R2,Pure_MultiSeason,0.6475335570574043,0.9685679404974951,24,25,24.0,48.0,300,0.0,0.0,21.891952083438902,6.4018816242635195,0.6452449328683425,,,
R3,Stationary_WN,0.1294555755671959,0.28599520485255403,None,8,,,300,0.0,0.0,0.0,0.0,9.595874328328387,,,
R4,PureTrend_Break,0.999934193258987,0.9997371894940011,None,150,,,300,,,0.0,0.0,0.7594424276848426,,150.0,
R1,Trend+MultiSeason,0.9999982695133972,0.48899210441840113,36,24,36.0,72.0,300,0.18685006076239624,-3.3929498746341418,23.1752342299347,6.950544282126932,1.304838511308897,,,
R2,Pure_MultiSeason,0.478544572209074,0.9022401507834201,36,38,36.0,72.0,300,0.0,0.0,13.698858097137109,5.4742946381952615,1.6251891272467613,,,
R3,Stationary_WN,0.21705982324108142,0.25772013096492186,None,10,,,300,0.0,0.0,0.0,0.0,8.591255167809344,,,
R4,PureTrend_Exponential,0.9980424235647624,0.30532211522305674,None,24,,,300,,,0.0,0.0,0.5828658071224978,,,
R1,Trend+MultiSeason,0.999998237959471,0.5160839820344674,24,24,24.0,48.0,300,0.39095184303085406,2.3948066549397833,22.466101372109613,6.4445218860227005,1.1659480233732198,,,
R2,Pure_MultiSeason,0.6411725134493579,0.9751177029682073,24,25,24.0,48.0,300,0.0,0.0,26.602564812357617,6.983789553340437,0.7110498980506679,,,
R3,Stationary_AR,0.10183396350361285,0.34064083548460034,None,30,,,300,0.0,0.0,0.0,0.0,5.0,0.4201448781724774,,
R4,PureTrend_RandomWalk,0.9967347036737013,0.2639857109725301,None,24,,,300,,,0.0,0.0,0.5942548311375302,,,0.3962362241479519
R1,Trend+MultiSeason,0.9999982428334244,0.4872443223450227,12,24,12.0,24.0,300,0.25428730798178245,3.1783087545140614,22.01478597342624,6.778444073472424,1.1807402610985005,,,
R2,Pure_MultiSeason,0.7539093857532709,0.9776070134603798,12,12,12.0,24.0,300,0.0,0.0,28.67553572907471,8.620608996777952,0.5416322667150023,,,
R3,Stationary_WN,0.30163732016361067,0.1905758116927747,None,2,,,300,0.0,0.0,0.0,0.0,9.176625441224923,,,
R4,PureTrend_RandomWalk,0.9813719330781007,0.32484811497345556,None,24,,,300,,,0.0,0.0,0.8185409404331219,,,0.19567240976083797
R1,Trend+MultiSeason,0.9999982714498995,0.48994179467699306,36,24,36.0,72.0,300,-0.30117893747938906,-1.446626421605619,10.34570790980307,3.9931477381696556,0.541527460278678,,,
R2,Pure_MultiSeason,0.5943735137200696,0.9522000606670146,36,38,36.0,72.0,300,0.0,0.0,28.29880861338879,9.665082426138781,1.178388167836991,,,
R3,Stationary_WN,0.04598848480298301,0.3239324952317997,None,18,,,300,0.0,0.0,0.0,0.0,7.383084071114807,,,
R4,PureTrend_Exponential,0.9963235652830043,0.14209624005454835,None,24,,,300,,,0.0,0.0,0.9357856518313211,,,
R1,Trend+MultiSeason,0.9999982419132523,0.4859799227269612,12,24,12.0,24.0,300,0.1718054927999028,2.5454077018576657,12.440247984816565,7.844032499949436,0.8704321263757456,,,
R2,Pure_MultiSeason,0.6389128041141339,0.989924183477221,12,12,12.0,24.0,300,0.0,0.0,26.950175082709084,4.2863260374814836,1.3283725356774867,,,
R3,Stationary_WN,0.11910722528112971,0.07376451204774692,None,2,,,300,0.0,0.0,0.0,0.0,6.902335321081705,,,
R4,PureTrend_Exponential,0.9976875608760072,0.26787754370765315,None,24,,,300,,,0.0,0.0,1.48534621252691,,,
R1,Trend+MultiSeason,0.9999978946532355,0.4317498945186039,36,24,36.0,72.0,300,-0.3333037124226045,1.136397297575523,19.588888283377344,4.934143457191116,0.5121691080219295,,,
R2,Pure_MultiSeason,0.5964663654476521,0.8201064262332043,36,38,36.0,72.0,300,0.0,0.0,10.270838020245069,6.8076229752847395,1.6789247559922318,,,
R3,Stationary_AR,0.12102553438859587,0.37476523335087963,None,25,,,300,0.0,0.0,0.0,0.0,5.0,0.5099127348217307,,
R4,PureTrend_RandomWalk,0.930008651937878,0.9536900032946432,None,150,,,300,,,0.0,0.0,0.6368366677674798,,,-0.13014342943024523
R1,Trend+MultiSeason,0.9999982361853065,0.4597506737704735,24,24,24.0,48.0,300,0.14807508632788954,-1.2626012558569017,22.318614328925165,2.6632333250377904,1.408654005831089,,,
R2,Pure_MultiSeason,0.48768301606898135,0.9724385109248619,24,25,24.0,48.0,300,0.0,0.0,26.684584104655602,5.410881342171179,1.871840170162226,,,
R3,Stationary_AR,0.04095335889057017,0.2705719222766799,None,60,,,300,0.0,0.0,0.0,0.0,5.0,0.6629598521854516,,
R4,PureTrend_Break,0.999504176807264,0.9980199999548258,None,150,,,300,,,0.0,0.0,1.41480859921478,,150.0,
R1,Trend+MultiSeason,0.9999982176477575,0.4845886104225644,48,24,48.0,96.0,300,0.3905452840731547,-2.24388992146159,22.863885245096604,2.025438518959997,0.6184966116663534,,,
R2,Pure_MultiSeason,0.4992437412897712,0.9708180053913014,48,50,48.0,96.0,300,0.0,0.0,24.37271156566678,5.7167232756739415,1.0690639818909464,,,
R3,Stationary_AR,0.2766812977913755,0.320881187898571,None,16,,,300,0.0,0.0,0.0,0.0,5.0,0.5532995022469391,,
R4,PureTrend_RandomWalk,0.9763861188645997,0.11154992773542827,None,24,,,300,,,0.0,0.0,1.329828508273128,,,0.15944171696319498
R1,Trend+MultiSeason,0.9999982428045645,0.483677170212803,12,24,12.0,24.0,300,0.23295461795687167,3.4120576642926865,9.288740667624825,7.1352451006158635,0.7561842124101462,,,
R2,Pure_MultiSeason,0.7513888455947341,0.8957069984629614,12,12,12.0,24.0,300,0.0,0.0,14.941835131896825,10.237602672365213,0.9155265892892606,,,
R3,Stationary_WN,0.11591709839443998,0.1346977027011853,None,3,,,300,0.0,0.0,0.0,0.0,14.651068852373056,,,
R4,PureTrend_Exponential,0.9988805249298583,0.2355765551785779,None,24,,,300,,,0.0,0.0,0.7626251850488669,,,
R1,Trend+MultiSeason,0.9999981257198516,0.45498417084209797,48,24,48.0,96.0,300,0.3311590830059902,0.9934042249523514,20.45288714442897,6.26909315244195,0.5945024793141429,,,
R2,Pure_MultiSeason,0.37286115340460646,0.8677537184583494,48,50,48.0,96.0,300,0.0,0.0,24.004165549578488,10.644887970766117,1.8016391616746705,,,
R3,Stationary_AR,0.20918588559515772,0.29116117986245416,None,15,,,300,0.0,0.0,0.0,0.0,5.0,0.558548249836527,,
R4,PureTrend_Break,0.9999320642019438,0.9997303921963172,None,150,,,300,,,0.0,0.0,1.1124973538655485,,150.0,
R1,Trend+MultiSeason,0.9999982384276898,0.49648914217958373,24,24,24.0,48.0,300,0.25519863044577207,3.7206851103085676,16.821065532029042,4.979793943427214,1.2389034639460907,,,
R2,Pure_MultiSeason,0.5791920213872619,0.9204570811849251,24,23,24.0,48.0,300,0.0,0.0,14.336841874241983,5.689088610509471,1.717273812458804,,,
R3,Stationary_WN,0.1184826695607325,0.14909482715792777,None,4,,,300,0.0,0.0,0.0,0.0,8.466088763086505,,,
R4,PureTrend_Break,0.9997503794242474,0.9990042560530383,None,150,,,300,,,0.0,0.0,1.412064820875877,,150.0,
R1,Trend+MultiSeason,0.9999981680434469,0.469608026148305,36,24,36.0,72.0,300,0.3475756736747526,3.8806389715906207,21.17915928482299,5.217340044284603,1.4895719368117655,,,
R2,Pure_MultiSeason,0.5821090224282273,0.9443562548906536,36,38,36.0,72.0,300,0.0,0.0,28.683813750372906,10.274607197309995,1.133924068897485,,,
R3,Stationary_AR,0.11318216721531027,0.2040916401463766,None,43,,,300,0.0,0.0,0.0,0.0,5.0,0.5886839980129073,,
R4,PureTrend_Break,0.9999584710419881,0.9998342061654708,None,150,,,300,,,0.0,0.0,0.5973810984012583,,150.0,
R1,Trend+MultiSeason,0.9999982300948036,0.4844676017340216,48,24,48.0,96.0,300,0.23625794094000307,-2.8813763293578467,19.641015214914233,2.7605968477734817,1.0178820088679106,,,
R2,Pure_MultiSeason,0.5998168846393828,0.9692850659453215,48,50,48.0,96.0,300,0.0,0.0,16.190266972365805,4.476662146888851,0.523757485669567,,,
R3,Stationary_AR,0.0,0.20551642366471246,None,75,,,300,0.0,0.0,0.0,0.0,5.0,0.6458151182225322,,
R4,PureTrend_Break,0.9999520424514236,0.9998087933407941,None,150,,,300,,,0.0,0.0,0.7097732246964237,,150.0,
R1,Trend+MultiSeason,0.9999982344059165,0.4994981291952735,12,24,12.0,24.0,300,0.3863501694224397,-1.0350638199332647,13.371636875503524,3.0567904477795635,1.043885401005928,,,
R2,Pure_MultiSeason,0.7414858558944286,0.9873973914744653,12,12,12.0,24.0,300,0.0,0.0,22.69777038222317,4.927682115718805,0.5726700754947439,,,
R3,Stationary_AR,0.05417228358731285,0.23538075135194458,None,150,,,300,0.0,0.0,0.0,0.0,5.0,0.6374488902976541,,
R4,PureTrend_Exponential,0.9987672548077846,0.13283698886027295,None,24,,,300,,,0.0,0.0,0.5621648769211587,,,
R1,Trend+MultiSeason,0.9999982377662064,0.462597740551018,24,24,24.0,48.0,300,0.23146696699820135,-1.321125496457761,24.223928234559086,7.466070536880748,0.6712647329584931,,,
R2,Pure_MultiSeason,0.6179074569307232,0.9723465624768021,24,25,24.0,48.0,300,0.0,0.0,29.03405983744433,7.693968788791117,0.8680084439023418,,,
R3,Stationary_AR,0.16095966921453497,0.3458979898286627,None,24,,,300,0.0,0.0,0.0,0.0,5.0,0.5762776613000717,,
R4,PureTrend_Exponential,0.9810893350410566,0.18956311973085171,None,24,,,300,,,0.0,0.0,1.3805729941820863,,,
R1,Trend+MultiSeason,0.9999982131576488,0.4728662881006723,48,24,48.0,96.0,300,-0.329168903416732,1.248441499971298,9.924166525392334,4.488643432348022,0.6927965955109981,,,
R2,Pure_MultiSeason,0.6647594609228227,0.9465476346528986,48,50,48.0,96.0,300,0.0,0.0,19.42333763568163,7.943379423017253,0.7185109994198644,,,
R3,Stationary_AR,0.08792980553841301,0.3627822106251718,None,38,,,300,0.0,0.0,0.0,0.0,5.0,0.5582884045666585,,
R4,PureTrend_Exponential,0.9983977338498606,0.2142492879217811,None,24,,,300,,,0.0,0.0,1.0052537541978515,,,
R1,Trend+MultiSeason,0.9999982424654016,0.48374187375195565,12,24,12.0,24.0,300,0.31967225855465864,2.93830876105704,8.626364010094607,6.337676008902836,1.2203338058697242,,,
R2,Pure_MultiSeason,0.7506636568524688,0.8978903787228736,12,12,12.0,24.0,300,0.0,0.0,17.07643244543554,11.652896749296215,1.23000474510035,,,
R3,Stationary_WN,0.11742730948450242,0.09917906924647812,None,3,,,300,0.0,0.0,0.0,0.0,5.46469054604353,,,
R4,PureTrend_RandomWalk,0.9973503558257485,0.9483092031061351,None,150,,,300,,,0.0,0.0,1.4602481498441664,,,0.3101358309472272
R1,Trend+MultiSeason,0.9999982242147956,0.4748954435340168,48,24,48.0,96.0,300,0.12082206320744393,1.7672417868687469,11.547548446857483,4.125625299300891,0.951268793147442,,,
R2,Pure_MultiSeason,0.5420309030427246,0.9736149605006094,48,50,48.0,96.0,300,0.0,0.0,22.580753359013954,5.031500817112945,1.5704490717990933,,,
R3,Stationary_WN,0.015038747675151565,0.15862896672586657,None,50,,,300,0.0,0.0,0.0,0.0,11.76108031672942,,,
R4,PureTrend_Break,0.9999829017969448,0.9999320292475808,None,150,,,300,,,0.0,0.0,1.124819155148833,,150.0,
R1,Trend+MultiSeason,0.9999981993373797,0.4703355410354535,48,24,48.0,96.0,300,0.2227352828696712,2.157044784412699,22.209678515615103,4.7067485085151795,0.5409316896200623,,,
R2,Pure_MultiSeason,0.2836410011299556,0.9307042891971856,48,50,48.0,96.0,300,0.0,0.0,24.632087693261376,7.2351321597775184,1.916863595533168,,,
R3,Stationary_WN,0.2608056972757651,0.18061931582386714,None,3,,,300,0.0,0.0,0.0,0.0,7.726324075450065,,,
R4,PureTrend_RandomWalk,0.9767149787291525,0.01976317594929955,None,24,,,300,,,0.0,0.0,1.277184987978868,,,-0.20753093568547099
R1,Trend+MultiSeason,0.9999981567021382,0.4632536131420537,48,24,48.0,96.0,300,0.33389090963627455,1.194968609983064,19.542298834174964,3.3886645182957995,0.587882734864205,,,
R2,Pure_MultiSeason,0.6674531481708235,0.9488761380124737,48,50,48.0,96.0,300,0.0,0.0,18.803224461984584,7.38418017541365,0.5666665457798754,,,
R3,Stationary_WN,0.015485557612172962,0.4405761559707754,None,150,,,300,0.0,0.0,0.0,0.0,14.261044403926316,,,
R4,PureTrend_Break,0.9998544862322288,0.999419365660253,None,150,,,300,,,0.0,0.0,1.4475003928992418,,150.0,
R1,Trend+MultiSeason,0.9999982404836226,0.48700395532676743,12,24,12.0,24.0,300,0.18910013082208876,-3.3881810056367456,22.52942963111216,3.027860849147193,1.3922126470816947,,,
R2,Pure_MultiSeason,0.7471431714625998,0.9534278885881842,12,12,12.0,24.0,300,0.0,0.0,23.437826602481486,10.055552773520418,1.279719238558641,,,
R3,Stationary_WN,0.09468902335562202,0.21485340937495567,None,10,,,300,0.0,0.0,0.0,0.0,14.299303865531321,,,
R4,PureTrend_Exponential,0.9985978613176208,0.12758194976387893,None,24,,,300,,,0.0,0.0,0.8528410856188675,,,
R1,Trend+MultiSeason,0.9999982746036818,0.49050372047590307,36,24,36.0,72.0,300,-0.3438530088590777,-1.8705886052859177,17.669404777391158,4.071125487454982,0.7670440002828978,,,
R2,Pure_MultiSeason,0.5571118191189446,0.9209755002414725,36,38,36.0,72.0,300,0.0,0.0,19.579598428195837,8.123709392927047,0.9448300630686665,,,
R3,Stationary_WN,0.17306114697778374,0.13711638675965643,None,3,,,300,0.0,0.0,0.0,0.0,11.339235371767629,,,
R4,PureTrend_Exponential,0.9979217691878779,0.234739975386282,None,24,,,300,,,0.0,0.0,1.429028460815637,,,
R1,Trend+MultiSeason,0.9999980716381162,0.4549489417753986,36,24,36.0,72.0,300,-0.14600600221326376,1.6625804357690315,17.201041389616876,5.123876507212733,0.7409754800758981,,,
R2,Pure_MultiSeason,0.61863269989166,0.9443225952549505,36,38,36.0,72.0,300,0.0,0.0,21.03395384831146,7.9849448027161785,0.6146755113049471,,,
R3,Stationary_AR,0.06641907817420678,0.38734470716994596,None,60,,,300,0.0,0.0,0.0,0.0,5.0,0.5704597329689554,,
R4,PureTrend_RandomWalk,0.9921445340599412,0.21303835163728224,None,24,,,300,,,0.0,0.0,1.2481274679312397,,,0.431924108982769
R1,Trend+MultiSeason,0.9999982397854897,0.49980160419896713,24,24,24.0,48.0,300,0.16975061926590473,4.237698366517387,22.70675247072015,5.305871464389002,0.7737644712137036,,,
R2,Pure_MultiSeason,0.5640123469068343,0.9817752077313168,24,25,24.0,48.0,300,0.0,0.0,25.96675096390495,5.121857865942151,0.5008935462449166,,,
R3,Stationary_WN,0.2153921283620691,0.07908689275182623,None,3,,,300,0.0,0.0,0.0,0.0,5.935168457821494,,,
R4,PureTrend_Break,0.9999508472794805,0.9998051963956589,None,150,,,300,,,0.0,0.0,0.7629494024703668,,150.0,
R1,Trend+MultiSeason,0.9999982352559212,0.5101905509711147,24,24,24.0,48.0,300,-0.16182424270947615,2.7728042520717677,22.208459753513957,4.857030437062198,1.4523139356921477,,,
R2,Pure_MultiSeason,0.6714461790215513,0.9400952302148916,24,25,24.0,48.0,300,0.0,0.0,15.17346858650444,6.418677132308854,0.7364283569016397,,,
R3,Stationary_WN,0.052346729179962415,0.14533707535842755,None,2,,,300,0.0,0.0,0.0,0.0,8.623670918011943,,,
R4,PureTrend_Break,0.9999779630208704,0.9999120605583695,None,150,,,300,,,0.0,0.0,0.9325248675758855,,150.0,
R1,Trend+MultiSeason,0.9999981877834463,0.47190540486131305,36,24,36.0,72.0,300,-0.161044497016187,3.4093408080950915,14.223137347090343,6.626420362982857,0.6985904712045468,,,
R2,Pure_MultiSeason,0.6655942616186116,0.8695798812184421,36,38,36.0,72.0,300,0.0,0.0,14.174259439566047,9.32540740288091,0.8968595569925962,,,
R3,Stationary_WN,0.0,0.0,None,2,,,300,0.0,0.0,0.0,0.0,10.52174604839723,,,
R4,PureTrend_Exponential,0.9961356336230369,0.25594357661960376,None,24,,,300,,,0.0,0.0,1.2539722962169773,,,
R1,Trend+MultiSeason,0.9999982430949286,0.460590974111589,24,24,24.0,48.0,300,-0.37157324027653915,-2.1138321613610587,22.863826365034406,5.048256424251974,0.7858178634846532,,,
R2,Pure_MultiSeason,0.6950179870735101,0.9584129182127225,24,23,24.0,48.0,300,0.0,0.0,24.935525747476476,9.013352562986855,1.8146064458715785,,,
R3,Stationary_WN,0.23090046435848643,0.16728920050470852,None,3,,,300,0.0,0.0,0.0,0.0,5.072557226276729,,,
R4,PureTrend_RandomWalk,0.9750685624583062,0.2187417468648265,None,24,,,300,,,0.0,0.0,1.4985145448614885,,,-0.18051832101619303
R1,Trend+MultiSeason,0.9999982410239473,0.49222919078559535,12,24,12.0,24.0,300,-0.19123446916808579,-2.2333631047080296,21.775354217697277,6.885669280576418,1.2902117515796547,,,
R2,Pure_MultiSeason,0.7137019097999835,0.9643540806739956,12,12,12.0,24.0,300,0.0,0.0,19.881232796173514,6.8297977904026945,1.3597670782208215,,,
R3,Stationary_WN,0.11041731727133164,0.14225498452408802,None,6,,,300,0.0,0.0,0.0,0.0,12.567270790284017,,,
R4,PureTrend_RandomWalk,0.9950587244241891,0.21585423740243603,None,24,,,300,,,0.0,0.0,0.7872251296775747,,,-0.4650143967234067
R1,Trend+MultiSeason,0.9999982354940041,0.4790386669185449,48,24,48.0,96.0,300,0.29280156526579726,3.5395453540110218,11.068780109872186,4.252622393702408,0.5136223114613055,,,
R2,Pure_MultiSeason,0.41439605281388536,0.9117465637765375,48,50,48.0,96.0,300,0.0,0.0,19.90658133545379,7.689734118758521,1.4920367739562694,,,
R3,Stationary_WN,0.16426544576538737,0.18938223150154132,None,3,,,300,0.0,0.0,0.0,0.0,13.937965683896373,,,
R4,PureTrend_RandomWalk,0.9849409102000896,0.05155227171737231,None,24,,,300,,,0.0,0.0,0.8581485577132073,,,0.34894888163855003
R1,Trend+MultiSeason,0.9999981992864835,0.47404003226109914,36,24,36.0,72.0,300,-0.3117767409290835,2.866718153536924,9.450493412852417,6.591215713341432,1.3939869427571205,,,
R2,Pure_MultiSeason,0.529279683609017,0.9479417720178749,36,38,36.0,72.0,300,0.0,0.0,21.57610491819013,6.737934555959401,1.9386886290683663,,,
R3,Stationary_WN,0.1160972610344726,0.005791986643860159,None,2,,,300,0.0,0.0,0.0,0.0,9.577165754381907,,,
R4,PureTrend_Break,0.999952466363956,0.9998109131571951,None,150,,,300,,,0.0,0.0,0.7852982526607726,,150.0,
R1,Trend+MultiSeason,0.9999982355648949,0.49804858789401063,24,24,24.0,48.0,300,0.16331912501383516,3.231724760364881,16.227505943302138,6.172418341329722,0.8295169061210601,,,
R2,Pure_MultiSeason,0.028961957998358434,0.950737242321968,24,50,24.0,48.0,300,0.0,0.0,11.011935028133877,7.862716478787779,1.9099698781130785,,,
R3,Stationary_AR,0.23374135242161675,0.2774910530457032,None,18,,,300,0.0,0.0,0.0,0.0,5.0,0.46494879875545503,,
R4,PureTrend_Exponential,0.9986810219611328,0.004619186722179869,None,24,,,300,,,0.0,0.0,0.5154976893436314,,,
R1,Trend+MultiSeason,0.99999823567309,0.5030679202896451,12,24,12.0,24.0,300,0.30541763381418136,1.5414417299473389,23.146632098046503,3.0932087658759033,1.3681358272169664,,,
R2,Pure_MultiSeason,0.7124086499503173,0.9725877995660168,12,12,12.0,24.0,300,0.0,0.0,26.528458066393743,8.18518671309505,1.8814863229860823,,,
R3,Stationary_WN,0.25689952870462607,0.1308734727361407,None,3,,,300,0.0,0.0,0.0,0.0,8.131238814088942,,,
R4,PureTrend_Exponential,0.9941509522847435,0.2308357780448823,None,24,,,300,,,0.0,0.0,0.9109413293945304,,,
R1,Trend+MultiSeason,0.9999982383331028,0.49334923889278015,12,24,12.0,24.0,300,-0.3207598064180698,1.477882248382527,12.636617693291806,6.792207469936251,0.9597964018159217,,,
R2,Pure_MultiSeason,0.7491849427188255,0.9620771422969123,12,12,12.0,24.0,300,0.0,0.0,16.783944189796543,6.482893428256242,0.7178697341354178,,,
R3,Stationary_AR,0.11125751796442485,0.36662144752732106,None,43,,,300,0.0,0.0,0.0,0.0,5.0,0.5491065005944731,,
R4,PureTrend_RandomWalk,0.9778154985320776,0.15159507593967803,None,24,,,300,,,0.0,0.0,1.313582892122748,,,-0.25934890919044645
R1,Trend+MultiSeason,0.9999982394415933,0.46149664717640315,24,24,24.0,48.0,300,-0.31869100677468554,-1.6913526679143591,19.718543875694074,7.599519128903251,1.3208298977996336,,,
R2,Pure_MultiSeason,0.7089218436754802,0.9354007821894006,24,23,24.0,48.0,300,0.0,0.0,14.37252678162279,6.88065329259064,1.6876114037338747,,,
R3,Stationary_WN,0.08414095755242357,0.2032340516921204,None,6,,,300,0.0,0.0,0.0,0.0,10.185172592474014,,,
R4,PureTrend_Break,0.9998481939398649,0.9993933929525911,None,150,,,300,,,0.0,0.0,1.0976943343211598,,150.0,
R1,Trend+MultiSeason,0.9999982709525166,0.48961459284616615,36,24,36.0,72.0,300,-0.2305241234632151,-1.7315334155073194,9.933247194030127,6.085601679559277,1.1082098796937587,,,
R2,Pure_MultiSeason,0.6273481820219353,0.918621158525044,36,38,36.0,72.0,300,0.0,0.0,10.920579655974842,5.120199586444454,0.7947061623957554,,,
R3,Stationary_AR,0.20403793878795018,0.15998467718008147,None,10,,,300,0.0,0.0,0.0,0.0,5.0,0.46428846642884697,,
R4,PureTrend_RandomWalk,0.9924427342995049,0.24095987683866882,None,24,,,300,,,0.0,0.0,0.752903664008702,,,-0.21635498362250238
R1,Trend+MultiSeason,0.9999982421918205,0.48273416228118526,12,24,12.0,24.0,300,-0.23366564065589474,-3.441773103350516,10.752378614544014,2.1393037524490017,0.6198029908528301,,,
R2,Pure_MultiSeason,0.7240835605210666,0.9562317591717535,12,12,12.0,24.0,300,0.0,0.0,13.90262950223465,5.644239748351907,1.02428447124074,,,
R3,Stationary_WN,0.055013522168643525,0.3220284622777253,None,20,,,300,0.0,0.0,0.0,0.0,12.601073494895159,,,
R4,PureTrend_RandomWalk,0.9574515954041466,0.6771340442808733,None,100,,,300,,,0.0,0.0,1.3647576257678646,,,0.11993633818321286
R1,Trend+MultiSeason,0.9999982398991438,0.5122681057570737,12,24,12.0,24.0,300,-0.11514255404269004,0.9831279677162332,17.161393795106413,2.106408593690114,1.1069292313686026,,,
R2,Pure_MultiSeason,0.4457100340572112,0.9834035409416367,12,12,12.0,24.0,300,0.0,0.0,28.23529428347671,4.26414414110514,1.9783919702081314,,,
R3,Stationary_AR,0.2262566976173802,0.32160690445205753,None,33,,,300,0.0,0.0,0.0,0.0,5.0,0.6738282114088789,,
R4,PureTrend_RandomWalk,0.982361985081586,0.84849850534527,None,150,,,300,,,0.0,0.0,1.1650319719527984,,,0.2486918774902044
R1,Trend+MultiSeason,0.9999982434773855,0.49120712120157894,12,24,12.0,24.0,300,-0.3854549889278669,-1.7434742167246535,16.045385773401946,3.412428369516515,0.6679957609698856,,,
R2,Pure_MultiSeason,0.6336577487223778,0.9818477767234925,12,12,12.0,24.0,300,0.0,0.0,25.108077383265186,5.049656599771618,1.9810224732057506,,,
R3,Stationary_WN,0.008373935234395558,0.2378643563933125,None,27,,,300,0.0,0.0,0.0,0.0,12.974842526563197,,,
R4,PureTrend_RandomWalk,0.9956873459272824,0.3863383532945873,None,24,,,300,,,0.0,0.0,1.4513924417942499,,,-0.33073250009245736
R1,Trend+MultiSeason,0.999998243735418,0.5178217444370199,12,24,12.0,24.0,300,-0.22995881304368096,-1.2186322428147753,22.844731140523947,3.94411257119847,0.6528093032979623,,,
R2,Pure_MultiSeason,0.7302199907605496,0.8396435769390778,12,12,12.0,24.0,300,0.0,0.0,10.519214505802017,8.72911373900439,1.3653323795393517,,,
R3,Stationary_AR,0.2110432411025337,0.21327640110675217,None,9,,,300,0.0,0.0,0.0,0.0,5.0,0.499303372490807,,
R4,PureTrend_Break,0.9999937080497073,0.9999748393303773,None,150,,,300,,,0.0,0.0,0.6541634984951747,,150.0,
R1,Trend+MultiSeason,0.9999982679850015,0.4874558758008285,36,24,36.0,72.0,300,0.2039737785959262,-2.614302482910153,11.61041169484307,3.522867241847485,1.307478692597059,,,
R2,Pure_MultiSeason,0.010771281516373077,0.9874052227605156,36,75,36.0,72.0,300,0.0,0.0,12.991218684000055,11.311202669622606,0.9594342420961649,,,
R3,Stationary_WN,0.1451809120704156,0.26740147509488055,None,6,,,300,0.0,0.0,0.0,0.0,11.100693227848174,,,
R4,PureTrend_Exponential,0.9986566523474537,0.15122593981915655,None,24,,,300,,,0.0,0.0,0.9673948791521424,,,
R1,Trend+MultiSeason,0.9999982466505773,0.5040245687209174,12,24,12.0,24.0,300,-0.3670781346555084,-1.6963758244532596,23.973444955180867,3.9332411332944437,1.0374544063148217,,,
R2,Pure_MultiSeason,0.7535899096751635,0.9328901901326951,12,12,12.0,24.0,300,0.0,0.0,17.992929519858297,9.85682138878419,0.8292318226247297,,,
R3,Stationary_WN,0.23647928376918836,0.06335824237752774,None,3,,,300,0.0,0.0,0.0,0.0,12.513346990989028,,,
R4,PureTrend_RandomWalk,0.9628227945265276,0.067320080133628,None,24,,,300,,,0.0,0.0,0.8718608641049096,,,0.2161023338550131
R1,Trend+MultiSeason,0.9999981400169854,0.4658592447277027,36,24,36.0,72.0,300,0.26497115126887827,3.611372448577011,24.95323290377438,3.149507539746269,0.8320468507297822,,,
R2,Pure_MultiSeason,0.06874174168995828,0.9894254858181419,36,75,36.0,72.0,300,0.0,0.0,11.506690353882636,10.225591387540607,0.7425479853648078,,,
R3,Stationary_AR,0.2082884616895473,0.4508932657625909,None,21,,,300,0.0,0.0,0.0,0.0,5.0,0.6132355902061917,,
R4,PureTrend_RandomWalk,0.9908653410073721,0.1940775417437275,None,24,,,300,,,0.0,0.0,1.241316881398109,,,0.3614759123758087
R1,Trend+MultiSeason,0.9999982004602163,0.48620524778190943,48,24,48.0,96.0,300,-0.21172940698133774,-1.2536462175274397,16.950562497691703,6.348086683872457,1.3960439485170362,,,
R2,Pure_MultiSeason,0.0,0.9836037545643294,48,100,48.0,96.0,300,0.0,0.0,13.673532568604077,11.781907627779084,0.5654927949483399,,,
R3,Stationary_AR,0.05094258287418352,0.15866021999961233,None,33,,,300,0.0,0.0,0.0,0.0,5.0,0.6361127327413678,,
R4,PureTrend_Break,0.9999187804232492,0.9996751447624986,None,150,,,300,,,0.0,0.0,1.1783976892733738,,150.0,
R1,Trend+MultiSeason,0.999998233863822,0.4846097737084638,48,24,48.0,96.0,300,0.1810659379438249,-2.279337930483187,11.756497298260392,3.673778186061364,1.0729267298793908,,,
R2,Pure_MultiSeason,0.3426458217596572,0.8998768111566676,48,50,48.0,96.0,300,0.0,0.0,25.95745289525166,10.006176875961978,1.7825216579611962,,,
R3,Stationary_AR,0.08231762614408455,0.630452686759439,None,100,,,300,0.0,0.0,0.0,0.0,5.0,0.6894536672192288,,
R4,PureTrend_Exponential,0.9951614386464745,0.36351193674757454,None,24,,,300,,,0.0,0.0,1.4333861432469264,,,
R1,Trend+MultiSeason,0.9999982429896271,0.4654570072559473,24,24,24.0,48.0,300,-0.2871583558154779,-2.2380443090456996,16.655021392079874,6.660368191049559,0.539988486105129,,,
R2,Pure_MultiSeason,0.022506102771933656,0.9701668053958785,24,50,24.0,48.0,300,0.0,0.0,14.899399183842004,9.90620356415372,1.6023813507867095,,,
R3,Stationary_WN,0.15919508623135803,0.13781842816705736,None,2,,,300,0.0,0.0,0.0,0.0,6.564611400681338,,,
R4,PureTrend_Exponential,0.9992011380579617,0.23368352122468472,None,24,,,300,,,0.0,0.0,0.5294047262921876,,,
R1,Trend+MultiSeason,0.9999982305632692,0.4962021142063322,24,24,24.0,48.0,300,-0.24800008079344366,3.0275766869502423,14.203916894334125,7.419917640671484,1.083878724648227,,,
R2,Pure_MultiSeason,0.6912000846030848,0.9540748476318007,24,23,24.0,48.0,300,0.0,0.0,29.922621461710502,11.467608321176272,1.79144694791422,,,
R3,Stationary_WN,0.0943736027857498,0.17676674551057137,None,2,,,300,0.0,0.0,0.0,0.0,9.176189622002818,,,
R4,PureTrend_Exponential,0.9965856769635582,0.2388436413256334,None,24,,,300,,,0.0,0.0,0.9559946174489004,,,
R1,Trend+MultiSeason,0.9999982417534472,0.48554259603671,12,24,12.0,24.0,300,0.312913065653048,2.77628340087156,13.68100008414977,6.932733002075169,0.6570969828934229,,,
R2,Pure_MultiSeason,0.7113735408003693,0.9397480236408143,12,12,12.0,24.0,300,0.0,0.0,16.77324014927562,7.761831432450858,1.5428942983836351,,,
R3,Stationary_AR,0.09637842856816004,0.3623592406785996,None,43,,,300,0.0,0.0,0.0,0.0,5.0,0.4980140275470576,,
R4,PureTrend_Break,0.999978675170711,0.9999145350724085,None,150,,,300,,,0.0,0.0,0.504802310175708,,150.0,
R1,Trend+MultiSeason,0.9999982640277459,0.4876206021621107,36,24,36.0,72.0,300,0.12425507176811322,-3.3778655826371464,14.234741009565173,5.411373124075373,0.5882789655128305,,,
R2,Pure_MultiSeason,0.5057541719743778,0.945527824991957,36,38,36.0,72.0,300,0.0,0.0,19.973327734170766,6.205406445195718,1.6744296471998366,,,
R3,Stationary_WN,0.16602451725722833,0.2586160933769627,None,5,,,300,0.0,0.0,0.0,0.0,12.915053512421444,,,
R4,PureTrend_Break,0.9996226878923296,0.9984887716673352,None,150,,,300,,,0.0,0.0,1.1052101114320947,,150.0,
R1,Trend+MultiSeason,0.9999982406077326,0.5100040658341609,12,24,12.0,24.0,300,0.35445320032047367,1.18047930305107,19.585435244512368,3.969787351971708,1.292566316856277,,,
R2,Pure_MultiSeason,0.7082326948613343,0.9590285494797935,12,12,12.0,24.0,300,0.0,0.0,22.288080840796347,8.155898532490657,1.5816404772065826,,,
R3,Stationary_WN,0.12082244727245506,0.13911651590225793,None,4,,,300,0.0,0.0,0.0,0.0,14.263317017232154,,,
R4,PureTrend_RandomWalk,0.8780050189495787,0.15992656280537476,None,75,,,300,,,0.0,0.0,1.0005722958136691,,,0.18144828553868064
R1,Trend+MultiSeason,0.9999981920748355,0.4737382863022822,36,24,36.0,72.0,300,0.3708899972620787,3.040807422924892,10.929545796418978,2.135816701296683,1.3129442673459994,,,
R2,Pure_MultiSeason,0.6486957983300123,0.8826283071300669,36,38,36.0,72.0,300,0.0,0.0,17.905850161091838,10.72460160640765,0.9762090278401446,,,
R3,Stationary_AR,0.15408250072912621,0.2669646795318865,None,16,,,300,0.0,0.0,0.0,0.0,5.0,0.4755171648191056,,
R4,PureTrend_Break,0.9999538989617704,0.9998156884914363,None,150,,,300,,,0.0,0.0,0.7884366534046143,,150.0,
R1,Trend+MultiSeason,0.9999982414577261,0.48234132689471143,12,24,12.0,24.0,300,-0.20830550808826798,-3.8224006229270535,10.67867813170724,6.177446538262655,0.6697057075210218,,,
R2,Pure_MultiSeason,0.7459714945765725,0.9110737276413633,12,12,12.0,24.0,300,0.0,0.0,17.598611126383318,10.926138256328485,1.2614760223228298,,,
R3,Stationary_AR,0.32569366394291777,0.2664669050079336,None,8,,,300,0.0,0.0,0.0,0.0,5.0,0.5279176808758145,,
R4,PureTrend_RandomWalk,0.9008083590752471,0.6925491894644982,None,100,,,300,,,0.0,0.0,0.6933722224448535,,,-0.3606081312075555
R1,Trend+MultiSeason,0.9999982321519764,0.47679572053344166,48,24,48.0,96.0,300,0.3247189938329562,3.581804743987004,16.42747720724165,7.762353277888576,0.7761874405020465,,,
R2,Pure_MultiSeason,0.5202031683068932,0.8854014040974045,48,50,48.0,96.0,300,0.0,0.0,17.56603270478172,8.354958584447195,1.8918524354385964,,,
R3,Stationary_AR,0.051765900948267274,0.39405661557965577,None,100,,,300,0.0,0.0,0.0,0.0,5.0,0.559829496325316,,
R4,PureTrend_RandomWalk,0.9925804182175393,0.5555395888907416,None,50,,,300,,,0.0,0.0,0.64414609561065,,,0.43355306921942305
R1,Trend+MultiSeason,0.9999982497320945,0.4894376848154026,36,24,36.0,72.0,300,-0.11080046415751907,-1.0752996442568352,17.20864917852709,2.736637832472576,1.0901954127523381,,,
R2,Pure_MultiSeason,0.6181804652913034,0.8902436942741849,36,38,36.0,72.0,300,0.0,0.0,16.167381636675877,8.947861900475186,1.071960542404019,,,
R3,Stationary_WN,0.06726532859124323,0.266483508116123,None,17,,,300,0.0,0.0,0.0,0.0,7.999057354262811,,,
R4,PureTrend_Break,0.9999800241608621,0.9999205203438792,None,150,,,300,,,0.0,0.0,0.5087232995423777,,150.0,
R1,Trend+MultiSeason,0.9999982418553185,0.48608171825254143,12,24,12.0,24.0,300,0.18070221584848123,3.5514031295131123,23.589903897385398,3.544582545477104,0.5262901027648328,,,
R2,Pure_MultiSeason,0.7324099342746258,0.9867965759328825,12,12,12.0,24.0,300,0.0,0.0,27.098752770487753,5.976808066927783,0.950568385159316,,,
R3,Stationary_WN,0.04296730057794995,0.0,None,2,,,300,0.0,0.0,0.0,0.0,6.634073805707937,,,
R4,PureTrend_Exponential,0.9982640807909928,0.34198795326154496,None,24,,,300,,,0.0,0.0,1.2378043205865388,,,
R1,Trend+MultiSeason,0.9999982417440239,0.48290056646741975,12,24,12.0,24.0,300,0.2889629940234023,4.321088939728921,11.961459328671726,4.128935926310046,1.3330746569910923,,,
R2,Pure_MultiSeason,0.680698949230932,0.9922655859846784,12,12,12.0,24.0,300,0.0,0.0,28.425831288355333,4.14601217354512,1.2856084045241845,,,
R3,Stationary_WN,0.11804540612821968,0.23404884812469362,None,6,,,300,0.0,0.0,0.0,0.0,5.4869531778685126,,,
R4,PureTrend_RandomWalk,0.8628019647414994,0.2764882294555292,None,24,,,300,,,0.0,0.0,1.0720056873894814,,,-0.17040511358658267
R1,Trend+MultiSeason,0.9999982427335218,0.4904125819380847,12,24,12.0,24.0,300,0.22026612520005226,2.8630894176471124,24.63823840404688,7.3510747921856545,0.6165263081414972,,,
R2,Pure_MultiSeason,0.756544013010274,0.9347653445164633,12,12,12.0,24.0,300,0.0,0.0,13.260701297408648,7.066126907880837,0.553884381451835,,,
R3,Stationary_WN,0.06094440113276012,0.07552028261867649,None,3,,,300,0.0,0.0,0.0,0.0,13.361466960164233,,,
R4,PureTrend_Break,0.9999778313611767,0.999911580676816,None,150,,,300,,,0.0,0.0,0.513859916653287,,150.0,
R1,Trend+MultiSeason,0.9999981158083892,0.4616424395900549,36,24,36.0,72.0,300,-0.19708382131045832,2.5942586568073396,21.63698351968472,5.333959033398165,1.397488361014612,,,
R2,Pure_MultiSeason,0.5431972435331259,0.9429748881344462,36,38,36.0,72.0,300,0.0,0.0,28.21072825252261,9.903380873487036,1.3535472103358315,,,
R3,Stationary_AR,0.0,0.24137058244182474,None,150,,,300,0.0,0.0,0.0,0.0,5.0,0.6488410878182773,,
R4,PureTrend_Exponential,0.9989846121874022,0.051046414089936154,None,24,,,300,,,0.0,0.0,0.7334319147223793,,,
R1,Trend+MultiSeason,0.999998192641667,0.46718275633118256,48,24,48.0,96.0,300,0.24085742368620197,1.370477596334843,16.758453167671888,5.837352295911833,0.5052452495903877,,,
R2,Pure_MultiSeason,0.46380933509252165,0.981387474115939,48,50,48.0,96.0,300,0.0,0.0,28.97823986863738,5.115711743057768,0.5166971105122742,,,
R3,Stationary_AR,0.29397045796586974,0.3053637143953043,None,10,,,300,0.0,0.0,0.0,0.0,5.0,0.5697899349542864,,
R4,PureTrend_RandomWalk,0.7483569585483312,0.8705659607159262,None,150,,,300,,,0.0,0.0,1.354131001998724,,,-0.262995476054486
R1,Trend+MultiSeason,0.9999982389731394,0.4842808637483037,12,24,12.0,24.0,300,0.13324116657369356,4.33931784966091,23.220868216766817,4.199074142786564,1.4927121297818913,,,
R2,Pure_MultiSeason,0.7403982119677939,0.928677498541802,12,12,12.0,24.0,300,0.0,0.0,19.88850090371497,10.705216100307602,1.2187502277826727,,,
R3,Stationary_WN,0.16754217541384142,0.12460717562912071,None,3,,,300,0.0,0.0,0.0,0.0,12.14204564186181,,,
R4,PureTrend_Exponential,0.9798024974891024,0.323271489966099,None,24,,,300,,,0.0,0.0,1.2502199555717857,,,
R1,Trend+MultiSeason,0.9999982425133328,0.4861573494035071,12,24,12.0,24.0,300,-0.2408635847685435,-3.83439060698424,23.10670009932188,3.1823679183295823,1.3072968365700048,,,
R2,Pure_MultiSeason,0.7468441106421277,0.9906799838844882,12,12,12.0,24.0,300,0.0,0.0,26.50049227026105,5.0265065256262265,0.5624675301167047,,,
R3,Stationary_WN,0.08145502158315387,0.09731121400585663,None,3,,,300,0.0,0.0,0.0,0.0,5.275374723268954,,,
R4,PureTrend_Exponential,0.9975033344521507,0.21315201491374391,None,24,,,300,,,0.0,0.0,1.2187588360385417,,,
R1,Trend+MultiSeason,0.999998241965165,0.4823862454802317,12,24,12.0,24.0,300,-0.25101515575806044,-4.229775069967834,9.686429888633183,4.222802426666409,0.6579565699776073,,,
R2,Pure_MultiSeason,0.683503958008229,0.9701132077913383,12,12,12.0,24.0,300,0.0,0.0,19.124103629387793,5.639906730778531,1.4687406702914003,,,
R3,Stationary_AR,0.23938900037392086,0.221843197732702,None,19,,,300,0.0,0.0,0.0,0.0,5.0,0.6429905545919666,,
R4,PureTrend_Exponential,0.9990423537196023,0.3229746972264447,None,24,,,300,,,0.0,0.0,0.9855297595983145,,,
R1,Trend+MultiSeason,0.9999982441846887,0.4633416671400009,24,24,24.0,48.0,300,-0.13518585155873938,-2.5991197594140094,21.268230548869578,2.7997159434776946,1.1596259850131685,,,
R2,Pure_MultiSeason,0.6656078390465376,0.9147607986996587,24,25,24.0,48.0,300,0.0,0.0,19.682170606844792,9.685512680995036,1.6694125790914955,,,
R3,Stationary_WN,0.05747979033359307,0.19194504077461205,None,10,,,300,0.0,0.0,0.0,0.0,13.337374170153533,,,
R4,PureTrend_Exponential,0.9968692195043651,0.33613429385221505,None,24,,,300,,,0.0,0.0,0.9857666144402684,,,
R1,Trend+MultiSeason,0.9999982373136548,0.48813768460359264,24,24,24.0,48.0,300,-0.31940840195058945,4.329018280948512,9.880167297377868,5.917348780430628,0.5314763983400431,,,
R2,Pure_MultiSeason,0.44900509683353906,0.965502387744802,24,25,24.0,48.0,300,0.0,0.0,29.955674341532845,6.778389137606466,1.978708415773846,,,
R3,Stationary_WN,0.12777644478384775,0.044760907690711504,None,3,,,300,0.0,0.0,0.0,0.0,12.74678152853068,,,
R4,PureTrend_RandomWalk,0.9342388812839897,0.1894655384451226,None,24,,,300,,,0.0,0.0,1.444361036821022,,,0.13942606813315794
R1,Trend+MultiSeason,0.9999982544770181,0.4854240812851778,36,24,36.0,72.0,300,0.18931467284198011,-4.205682082956621,8.52502681052485,6.663255720129861,1.221114054404493,,,
R2,Pure_MultiSeason,0.5557685245702884,0.9168097406591019,36,38,36.0,72.0,300,0.0,0.0,12.682352052982367,5.345531228645751,1.3735964195115662,,,
R3,Stationary_WN,0.015131267025346506,0.5720020391641619,None,100,,,300,0.0,0.0,0.0,0.0,6.14022940901112,,,
R4,PureTrend_RandomWalk,0.9861369354905639,0.1209322350533667,None,24,,,300,,,0.0,0.0,0.6300922787011399,,,-0.3236237418915664
R1,Trend+MultiSeason,0.9999981344555228,0.46555092282535027,36,24,36.0,72.0,300,-0.25659324462127675,1.475590207665348,10.396675522656372,2.2647955744890544,1.008498004954308,,,
R2,Pure_MultiSeason,0.5010051234528861,0.9607238176596725,36,38,36.0,72.0,300,0.0,0.0,15.881966368227825,4.192220066687577,1.129245300419861,,,
R3,Stationary_WN,0.12384057589728548,0.24648518879441605,None,6,,,300,0.0,0.0,0.0,0.0,12.164151293999085,,,
R4,PureTrend_RandomWalk,0.9981166421819561,0.9764483571860965,None,150,,,300,,,0.0,0.0,0.7094598695633773,,,0.27672948710970413
R1,Trend+MultiSeason,0.9999982538313282,0.48482834746384806,36,24,36.0,72.0,300,-0.3626600877078019,-4.132443813550728,8.28407804755613,5.485135285647397,0.9818570472445479,,,
R2,Pure_MultiSeason,0.6559353067274201,0.8484171056482397,36,38,36.0,72.0,300,0.0,0.0,17.03345093635912,11.711927918426422,1.5054679667340558,,,
R3,Stationary_AR,0.37157075529689365,0.15889476398026603,None,8,,,300,0.0,0.0,0.0,0.0,5.0,0.6939331758641644,,
R4,PureTrend_Exponential,0.9939771397407324,0.3349445106633242,None,24,,,300,,,0.0,0.0,1.0464316168255414,,,
R1,Trend+MultiSeason,0.9999979978414641,0.44299406677238584,36,24,36.0,72.0,300,0.18155023373776435,1.3268492751808187,18.441292913014088,6.629149712069845,0.6596879612836618,,,
R2,Pure_MultiSeason,0.5756066249930489,0.9580051300960892,36,38,36.0,72.0,300,0.0,0.0,27.08310747822621,8.216055194197033,1.0421156975495334,,,
R3,Stationary_AR,0.07477552612045557,0.26416088677177274,None,60,,,300,0.0,0.0,0.0,0.0,5.0,0.4565108781800802,,
R4,PureTrend_Exponential,0.9962897951434218,0.20718851202278876,None,24,,,300,,,0.0,0.0,1.0314735530139059,,,
R1,Trend+MultiSeason,0.9999982376454257,0.5075007814188692,24,24,24.0,48.0,300,0.13704494395540906,2.4191054694588408,17.55193854839572,2.9739452460831473,1.2634686101458628,,,
R2,Pure_MultiSeason,0.6584946081143054,0.916845569517399,24,25,24.0,48.0,300,0.0,0.0,24.112202917295896,11.825003671423843,1.9986357265495864,,,
R3,Stationary_AR,0.133255041578642,0.3138772405658382,None,50,,,300,0.0,0.0,0.0,0.0,5.0,0.5853147516102345,,
R4,PureTrend_RandomWalk,0.9415296074540894,0.11291525010323145,None,24,,,300,,,0.0,0.0,0.5209387576809068,,,-0.11270112820700678
R1,Trend+MultiSeason,0.9999982401045859,0.48407002952021405,12,24,12.0,24.0,300,-0.3098485088285372,-3.921860305010588,18.744420599491775,3.7511225657439518,1.2418530280787925,,,
R2,Pure_MultiSeason,0.7285556509272022,0.9822682479441177,12,12,12.0,24.0,300,0.0,0.0,21.840647833428637,5.480383412244961,0.8079207530800294,,,
R3,Stationary_WN,0.11815110253800687,0.14343530911862867,None,6,,,300,0.0,0.0,0.0,0.0,9.10159406571735,,,
R4,PureTrend_RandomWalk,0.9639612461787721,0.2056815506849976,None,24,,,300,,,0.0,0.0,0.8635644027709449,,,-0.16493894133531656
R1,Trend+MultiSeason,0.9999982377388666,0.49808759807474745,12,24,12.0,24.0,300,0.14314923846810568,1.5798389374329487,19.415614652217798,4.544545187683698,1.1416744200704212,,,
R2,Pure_MultiSeason,0.731147276102994,0.9755349342908906,12,12,12.0,24.0,300,0.0,0.0,24.71295725680242,7.20350286786041,1.0826355760905826,,,
R3,Stationary_WN,0.09669912626242283,0.274881125080757,None,18,,,300,0.0,0.0,0.0,0.0,12.681018376552041,,,
R4,PureTrend_Break,0.9998345310256349,0.9993323225370059,None,150,,,300,,,0.0,0.0,0.9865951826869667,,150.0,
R1,Trend+MultiSeason,0.9999981530014255,0.48307836334282006,48,24,48.0,96.0,300,0.2502356557224402,-1.0352459738709043,21.052584102495842,3.375540918447128,1.3582560141055247,,,
R2,Pure_MultiSeason,0.5153644782390912,0.9447738503317518,48,50,48.0,96.0,300,0.0,0.0,20.3076149054988,6.173118111022133,1.9170103838947627,,,
R3,Stationary_WN,0.16196394216793786,0.18322467954826382,None,4,,,300,0.0,0.0,0.0,0.0,8.906926286206907,,,
R4,PureTrend_Break,0.999907508843667,0.9996277122004406,None,150,,,300,,,0.0,0.0,1.4662453045474688,,150.0,
R1,Trend+MultiSeason,0.9999982359185643,0.47882557088593125,48,24,48.0,96.0,300,0.3832110929191722,3.9683628480672946,11.928266374596522,4.799400456468561,1.0630107884377622,,,
R2,Pure_MultiSeason,0.4089073598943038,0.9339644078230672,48,50,48.0,96.0,300,0.0,0.0,19.48279982760674,6.191743762485159,1.1024434202696365,,,
R3,Stationary_WN,0.18400553677204,0.09469240657001021,None,2,,,300,0.0,0.0,0.0,0.0,14.923755415093177,,,
R4,PureTrend_Break,0.9999869196596968,0.999947698677127,None,150,,,300,,,0.0,0.0,0.7291463788054746,,150.0,
R1,Trend+MultiSeason,0.9999982025120021,0.4746928976529792,36,24,36.0,72.0,300,0.15900696549255552,4.272842004107223,13.604488615030094,5.9479813907412415,0.6263807851745626,,,
R2,Pure_MultiSeason,0.545619501656953,0.9202256368669265,36,38,36.0,72.0,300,0.0,0.0,14.490914524916716,5.8232664506813565,1.2800099809264516,,,
R3,Stationary_AR,0.052483958878462245,0.3558318163591425,None,38,,,300,0.0,0.0,0.0,0.0,5.0,0.5959538862716867,,
R4,PureTrend_Break,0.9999286094377362,0.9997155131134334,None,150,,,300,,,0.0,0.0,0.8205801725620594,,150.0,
R1,Trend+MultiSeason,0.9999982424183002,0.4697802020052547,24,24,24.0,48.0,300,-0.22935191867111168,-3.83168011924498,17.190103763523513,2.7877691430447884,0.5779492997887069,,,
R2,Pure_MultiSeason,0.5776168944476927,0.9710158234351275,24,25,24.0,48.0,300,0.0,0.0,27.179328379803067,6.852076987646384,0.8619899258418773,,,
R3,Stationary_AR,0.27686094532451266,0.3551696188678385,None,11,,,300,0.0,0.0,0.0,0.0,5.0,0.5569698911026648,,
R4,PureTrend_RandomWalk,0.99165717497809,0.9476784188850659,None,150,,,300,,,0.0,0.0,0.7909859399778038,,,-0.19157511967720914
